编号,名称,助记词,邮编,病人来源
0,港、澳、台@,gat,-,港、澳、台
433130236,湖南省湘西土家族苗族自治州龙山县咱果乡@,gdsgzshzq,416800,外省（直辖市）
440104000,广东省广州市越秀区@,gdsgzsthqspjd,510030,医院所在区（县）
440104001,广东省广州市越秀区洪桥街道@,gdsgzsthqsdjd,510045,医院所在区（县）
440104003,广东省广州市越秀区北京街道@,gdsgzsthqthnjd,510030,医院所在区（县）
440104004,广东省广州市越秀区六榕街道@,gdsgzsthqlhjd,510180,医院所在区（县）
440104005,广东省广州市越秀区流花街道@,gdsgzsthqxhjd,510091,医院所在区（县）
440104007,广东省广州市越秀区光塔街道@,gdsgzsthqtxjd,510115,医院所在区（县）
440104010,广东省广州市越秀区人民街道@,gdsgzsthqtyjd,510120,医院所在区（县）
440104011,广东省广州市越秀区东山街道@,gdsgzsthqldjd,510080,医院所在区（县）
440104012,广东省广州市越秀区农林街道@,gdsgzsthqxcjd,510062,医院所在区（县）
440104013,广东省广州市越秀区梅花村街道@,gdsgzsthqygjd,510062,医院所在区（县）
440104014,广东省广州市越秀区黄花岗街道@,gdsgzsthqhcjd,510095,医院所在区（县）
440104015,广东省广州市越秀区华乐街道@,gdsgzsthqfhjd,510095,医院所在区（县）
440104017,广东省广州市越秀区大塘街道@,gdsgzsthqldjd,510055,医院所在区（县）
440104018,广东省广州市越秀区珠光街道@,gdsgzsthqzxjd,510110,医院所在区（县）
440104019,广东省广州市越秀区大东街道@,gdsgzsthqqjjd,510080,医院所在区（县）
440104020,广东省广州市越秀区白云街道@,gdsgzsthqzjjd,510199,医院所在区（县）
440104021,广东省广州市越秀区登峰街道@,gdsgzsthqxtjd,510091,医院所在区（县）
440104022,广东省广州市越秀区矿泉街道@,gdsgzsbyq,510010,医院所在区（县）
440104024,广东省广州市越秀区建设街道@,gdsgzsbyqsyljd,510199,医院所在区（县）
440103000,广东省广州市荔湾区@,gdsgzshzqcgjd,510145,医院所在市的外区（县）
440103001,广东省广州市荔湾区沙面街道@,gdsgzshzqxgjd,510130,医院所在市的外区（县）
440103002,广东省广州市荔湾区岭南街道@,gdsgzshzqcgjd,510130,医院所在市的外区（县）
440103003,广东省广州市荔湾区华林街道@,gdsgzshzqjnzjd,510140,医院所在市的外区（县）
440103004,广东省广州市荔湾区多宝街道@,gdsgzshzqbjjd,510140,医院所在市的外区（县）
440103005,广东省广州市荔湾区昌华街道@,gdsgzshzqssjd,510140,医院所在市的外区（县）
440103006,广东省广州市荔湾区逢源街道@,gdsgzshzqhcjd,510140,医院所在市的外区（县）
440103007,广东省广州市荔湾区龙津街道@,gdsgzshzqnhxjd,510145,医院所在市的外区（县）
440103008,广东省广州市荔湾区金花街道@,gdsgzshzqlfjd,510170,医院所在市的外区（县）
440103009,广东省广州市荔湾区彩虹街道@,gdsgzshzqsyjd,510176,医院所在市的外区（县）
440103010,广东省广州市荔湾区南源街道@,gdsgzshzqnstjd,510160,医院所在市的外区（县）
440103011,广东省广州市荔湾区西村街道@,gdsgzshzqfyjd,510160,医院所在市的外区（县）
440103012,广东省广州市荔湾区站前街道@,gdsgzshzqrbjd,510010,医院所在市的外区（县）
440103013,广东省广州市荔湾区桥中街道@,gdsgzshzqjhjd,510150,医院所在市的外区（县）
440103014,广东省广州市荔湾区白鹤洞街道@,gdsgzshzqpzjd,510380,医院所在市的外区（县）
440103015,广东省广州市荔湾区冲口街道@,gdsgzshzqnzjd,510370,医院所在市的外区（县）
440103016,广东省广州市荔湾区花地街道@,gdsgzshzqhzjd,510370,医院所在市的外区（县）
440103017,广东省广州市荔湾区石围塘街道@,gdsgzshzqgzjd,510360,医院所在市的外区（县）
440103018,广东省广州市荔湾区茶滘街道@,gdsgzsthq,510375,医院所在市的外区（县）
440103019,广东省广州市荔湾区东漖街道@,gdsgzsthqwsjd,510375,医院所在市的外区（县）
440103020,广东省广州市荔湾区海龙街道@,gdsgzsthqycjd,510378,医院所在市的外区（县）
440103021,广东省广州市荔湾区东沙街道@,gdsgzsthqcpjd,510385,医院所在市的外区（县）
440103022,广东省广州市荔湾区中南街道@,gdsgzsthqshjd,510388,医院所在市的外区（县）
440105000,广东省广州市海珠区@,gdsgzsbyqszjd,510220,医院所在市的外区（县）
440105001,广东省广州市海珠区赤岗街道@,gdsgzsbyqjtjd,510277,医院所在市的外区（县）
440105002,广东省广州市海珠区新港街道@,gdsgzsbyqtdjd,510275,医院所在市的外区（县）
440105003,广东省广州市海珠区昌岗街道@,gdsgzsbyqhsjd,510220,医院所在市的外区（县）
440105004,广东省广州市海珠区江南中街道@,gdsgzsbyqtjjd,510277,医院所在市的外区（县）
440105005,广东省广州市海珠区滨江街道@,gdsgzsbyqxsjd,510230,医院所在市的外区（县）
440105006,广东省广州市海珠区素社街道@,gdsgzsbyqthjd,510220,医院所在市的外区（县）
440105007,广东省广州市海珠区海幢街道@,gdsgzsbyqjxjd,510235,医院所在市的外区（县）
440105008,广东省广州市海珠区南华西街道@,gdsgzsbyqypjd,510277,医院所在市的外区（县）
440105009,广东省广州市海珠区龙凤街道@,gdsgzsbyqjhjd,510250,医院所在市的外区（县）
440105010,广东省广州市海珠区沙园街道@,gdsgzsbyqjhjd,510250,医院所在市的外区（县）
440105011,广东省广州市海珠区南石头街道@,gdsgzsbyqsjjd,510280,医院所在市的外区（县）
440105012,广东省广州市海珠区凤阳街道@,gdsgzsbyqjsjd,510250,医院所在市的外区（县）
440105013,广东省广州市海珠区瑞宝街道@,gdsgzsbyqycjd,510399,医院所在市的外区（县）
440105014,广东省广州市海珠区江海街道@,gdsgzsbyqhljd,510260,医院所在市的外区（县）
440105015,广东省广州市海珠区琶洲街道@,gdsgzsbyqbyhjd,510335,医院所在市的外区（县）
440105016,广东省广州市海珠区南洲街道@,gdsgzsbyqsmjd,510288,医院所在市的外区（县）
440105017,广东省广州市海珠区华洲街道@,gdsgzsbyqrhz,510320,医院所在市的外区（县）
440105018,广东省广州市海珠区官洲街道@,gdsgzsbyqthz,510330,医院所在市的外区（县）
440106000,广东省广州市天河区@,gdsgzsbyqzltz,510630,医院所在市的外区（县）
440106001,广东省广州市天河区五山街道@,gdsgzsbyqjgz,510640,医院所在市的外区（县）
440106002,广东省广州市天河区员村街道@,gdsgzshpq,510655,医院所在市的外区（县）
440106003,广东省广州市天河区车陂街道@,gdsgzshpqhpjd,510660,医院所在市的外区（县）
440106004,广东省广州市天河区沙河街道@,gdsgzshpqhsjd,510599,医院所在市的外区（县）
440106006,广东省广州市天河区石牌街道@,gdsgzshpqyzjd,510635,医院所在市的外区（县）
440106007,广东省广州市天河区沙东街道@,gdsgzshpqdsjd,510599,医院所在市的外区（县）
440106008,广东省广州市天河区天河南街道@,gdsgzshpqwcjd,510620,医院所在市的外区（县）
440106009,广东省广州市天河区林和街道@,gdsgzshpqsdjd,510610,医院所在市的外区（县）
440106010,广东省广州市天河区兴华街道@,gdsgzshpqngjd,510507,医院所在市的外区（县）
440106011,广东省广州市天河区棠下街道@,gdsgzshpqzzjd,510665,医院所在市的外区（县）
440106012,广东省广州市天河区天园街道@,gdsgzshpqxgjd,510665,医院所在市的外区（县）
440106013,广东省广州市天河区猎德街道@,gdsgzshpqlgjd,510627,医院所在市的外区（县）
440106014,广东省广州市天河区冼村街道@,gdsgzshpqlhjd,510623,医院所在市的外区（县）
440106015,广东省广州市天河区元岗街道@,gdsgzshpqyhjd,511442,医院所在市的外区（县）
440106016,广东省广州市天河区黄村街道@,gdsgzshpqzljd,510660,医院所在市的外区（县）
440106017,广东省广州市天河区凤凰街道@,gdsgzshpqypjd,510445,医院所在市的外区（县）
440106018,广东省广州市天河区龙洞街道@,gdsgzshpqjlz,510520,医院所在市的外区（县）
440106019,广东省广州市天河区长兴街道@,gdsgzsfyq,510623,医院所在市的外区（县）
440106020,广东省广州市天河区前进街道@,gdsgzsfyqswjd,510660,医院所在市的外区（县）
440106021,广东省广州市天河区珠吉街道@,gdsgzsfyqzcjd,510715,医院所在市的外区（县）
440106022,广东省广州市天河区新塘街道@,gdsgzsfyqdsjd,510653,医院所在市的外区（县）
440111000,广东省广州市白云区@,gdsgzsfyqsqjd,510080,医院所在市的外区（县）
440111002,广东省广州市白云区三元里街道@,gdsgzsfyqstjd,510080,医院所在市的外区（县）
440111003,广东省广州市白云区松洲街道@,gdsgzsfyqdhjd,510435,医院所在市的外区（县）
440111004,广东省广州市白云区景泰街道@,gdsgzsfyqqnjd,510091,医院所在市的外区（县）
440111005,广东省广州市白云区同德街道@,gdsgzsfyqxgwjd,510407,医院所在市的外区（县）
440111006,广东省广州市白云区黄石街道@,gdsgzsfyqlpjd,510410,医院所在市的外区（县）
440111007,广东省广州市白云区棠景街道@,gdsgzsfyqsbjd,510403,医院所在市的外区（县）
440111008,广东省广州市白云区新市街道@,gdsgzsfyqdljd,510410,医院所在市的外区（县）
440111009,广东省广州市白云区同和街道@,gdsgzsfyqsqz,510515,医院所在市的外区（县）
440111010,广东省广州市白云区京溪街道@,gdsgzsfyqncz,510510,医院所在市的外区（县）
440111011,广东省广州市白云区永平街道@,gdsgzsfyqxzz,510442,医院所在市的外区（县）
440111012,广东省广州市白云区嘉禾街道@,gdsgzsfyqhlz,510440,医院所在市的外区（县）
440111013,广东省广州市白云区均禾街道@,gdsgzsfyqslz,510440,医院所在市的外区（县）
440111014,广东省广州市白云区石井街道@,gdsgzshdq,510430,医院所在市的外区（县）
440111015,广东省广州市白云区金沙街道@,gdsgzshdqxhjd,510320,医院所在市的外区（县）
440111016,广东省广州市白云区云城街道@,gdsgzshdqxyjd,510410,医院所在市的外区（县）
440111017,广东省广州市白云区鹤龙街道@,gdsgzshdqhcjd,510425,医院所在市的外区（县）
440111018,广东省广州市白云区白云湖街道@,gdsgzshdqxqjd,510080,医院所在市的外区（县）
440111019,广东省广州市白云区石门街道@,gdsgzshdqtmz,510430,医院所在市的外区（县）
440111020,广东省广州市白云区龙归街道@,gdsgzshdqhsz,510440,医院所在市的外区（县）
440111021,广东省广州市白云区大源街道@,gdsgzshdqhdz,510450,医院所在市的外区（县）
440111103,广东省广州市白云区人和镇@,gdsgzshdqtbz,510470,医院所在市的外区（县）
440111107,广东省广州市白云区太和镇@,gdsgzshdqcnz,510540,医院所在市的外区（县）
440111108,广东省广州市白云区钟落潭镇@,gdsgzshdqslz,510550,医院所在市的外区（县）
440111113,广东省广州市白云区江高镇@,gdsgzsnsq,510450,医院所在市的外区（县）
440112000,广东省广州市黄埔区@,gdsgzsnsqnsjd,510700,医院所在市的外区（县）
440112001,广东省广州市黄埔区黄埔街道@,gdsgzsnsqzjjd,510799,医院所在市的外区（县）
440112002,广东省广州市黄埔区红山街道@,gdsgzsnsqlxjd,510725,医院所在市的外区（县）
440112003,广东省广州市黄埔区鱼珠街道@,gdsgzsnsqhlz,510799,医院所在市的外区（县）
440112005,广东省广州市黄埔区大沙街道@,gdsgzsnsqwqsz,510140,医院所在市的外区（县）
440112006,广东省广州市黄埔区文冲街道@,gdsgzsnsqhgz,510725,医院所在市的外区（县）
440112007,广东省广州市黄埔区穗东街道@,gdsgzsnsqdyz,510730,医院所在市的外区（县）
440112008,广东省广州市黄埔区南岗街道@,gdsgzsnsqdgz,510450,医院所在市的外区（县）
440112010,广东省广州市黄埔区长洲街道@,gdsgzsnsqlhz,510715,医院所在市的外区（县）
440112011,广东省广州市黄埔区夏港街道@,gdsgzschq,510730,医院所在市的外区（县）
440112012,广东省广州市黄埔区萝岗街道@,gdsgzschqjkjd,510530,医院所在市的外区（县）
440112014,广东省广州市黄埔区联和街道@,gdsgzschqcjjd,510663,医院所在市的外区（县）
440112015,广东省广州市黄埔区永和街道@,gdsgzschqjpjd,510530,医院所在市的外区（县）
440112016,广东省广州市黄埔区长岭街道@,gdsgzschqwqz,510530,医院所在市的外区（县）
440112017,广东省广州市黄埔区云埔街道@,gdsgzschqlkz,510760,医院所在市的外区（县）
440112100,广东省广州市黄埔区九龙镇@,gdsgzschqltz,510555,医院所在市的外区（县）
440113000,广东省广州市番禺区@,gdsgzschqtpz,511400,医院所在市的外区（县）
440113002,广东省广州市番禺区沙湾街道@,gdsgzschqatz,511483,医院所在市的外区（县）
440113003,广东省广州市番禺区钟村街道@,gdsgzszcq,511495,医院所在市的外区（县）
440113004,广东省广州市番禺区大石街道@,gdsgzszcqlcjd,511430,医院所在市的外区（县）
440113005,广东省广州市番禺区市桥街道@,gdsgzszcqzjjd,511491,医院所在市的外区（县）
440113006,广东省广州市番禺区沙头街道@,gdsgzszcqzcjd,511491,医院所在市的外区（县）
440113007,广东省广州市番禺区东环街道@,gdsgzszcqynjd,511400,医院所在市的外区（县）
440113008,广东省广州市番禺区桥南街道@,gdsgzszcqzgz,511488,医院所在市的外区（县）
440113009,广东省广州市番禺区小谷围街道@,gdsgzszcqstz,511436,医院所在市的外区（县）
440113010,广东省广州市番禺区洛浦街道@,gdsgzszcqxtz,511458,医院所在市的外区（县）
440113011,广东省广州市番禺区石壁街道@,gdsgzszcqzxz,511495,医院所在市的外区（县）
440113012,广东省广州市番禺区大龙街道@,gdsgzszcqptz,511450,医院所在市的外区（县）
440113102,广东省广州市番禺区石碁镇@,gdsgzszcqxlz,511450,医院所在市的外区（县）
440113103,广东省广州市番禺区南村镇@,gdsgzszcqxcz,511442,医院所在市的外区（县）
440113104,广东省广州市番禺区新造镇@,gdssgswjq,511436,医院所在市的外区（县）
440113105,广东省广州市番禺区化龙镇@,gdssgswjqxhjd,511434,医院所在市的外区（县）
440113106,广东省广州市番禺区石楼镇@,gdssgswjqhmjd,511441,医院所在市的外区（县）
440114000,广东省广州市花都区@,gdssgswjqxlz,510800,医院所在市的外区（县）
440114001,广东省广州市花都区新华街道@,gdssgswjqxhz,510800,医院所在市的外区（县）
440114002,广东省广州市花都区新雅街道@,gdssgswjqzyz,510806,医院所在市的外区（县）
440114003,广东省广州市花都区花城街道@,gdssgswjqlgz,510800,医院所在市的外区（县）
440114004,广东省广州市花都区秀全街道@,gdssgswjqjwz,510897,医院所在市的外区（县）
440114103,广东省广州市花都区梯面镇@,gdssgszjq,510870,医院所在市的外区（县）
440114104,广东省广州市花都区花山镇@,gdssgszjqdhjd,510880,医院所在市的外区（县）
440114105,广东省广州市花都区花东镇@,gdssgszjqczjd,510890,医院所在市的外区（县）
440114107,广东省广州市花都区炭步镇@,gdssgszjqfcjd,510820,医院所在市的外区（县）
440114108,广东省广州市花都区赤坭镇@,gdssgszjqxsz,510130,医院所在市的外区（县）
440114109,广东省广州市花都区狮岭镇@,gdssgszjqlyz,510850,医院所在市的外区（县）
440115000,广东省广州市南沙区@,gdssgszjqhpz,511400,医院所在市的外区（县）
440115001,广东省广州市南沙区南沙街道@,gdssgszjqlsz,511458,医院所在市的外区（县）
440115002,广东省广州市南沙区珠江街道@,gdssgszjqsltz,511466,医院所在市的外区（县）
440115003,广东省广州市南沙区龙穴街道@,gdssgsqjq,511464,医院所在市的外区（县）
440115101,广东省广州市南沙区横沥镇@,gdssgsqjqssjd,511466,医院所在市的外区（县）
440115102,广东省广州市南沙区万顷沙镇@,gdssgsqjqmbz,511462,医院所在市的外区（县）
440115103,广东省广州市南沙区黄阁镇@,gdssgsqjqdtz,511455,医院所在市的外区（县）
440115104,广东省广州市南沙区东涌镇@,gdssgsqjqfwz,511453,医院所在市的外区（县）
440115105,广东省广州市南沙区大岗镇@,gdssgsqjqxkz,511470,医院所在市的外区（县）
440115106,广东省广州市南沙区榄核镇@,gdssgsqjqsxz,511480,医院所在市的外区（县）
440117000,广东省广州市从化区@,gdssgsqjqwsz,510900,医院所在市的外区（县）
440117001,广东省广州市从化区街口街道@,gdssgsqjqzsz,510999,医院所在市的外区（县）
440117002,广东省广州市从化区城郊街道@,gdssgsqjqbtz,510920,医院所在市的外区（县）
440117003,广东省广州市从化区江埔街道@,gdssgsqjqlkz,510999,医院所在市的外区（县）
440117100,广东省广州市从化区温泉镇@,gdssgssxx,510970,医院所在市的外区（县）
440117101,广东省广州市从化区良口镇@,gdssgssxxtpz,510665,医院所在市的外区（县）
440117102,广东省广州市从化区吕田镇@,gdssgssxxmsz,510950,医院所在市的外区（县）
440117103,广东省广州市从化区太平镇@,gdssgssxxcjz,510990,医院所在市的外区（县）
440117104,广东省广州市从化区鳌头镇@,gdssgssxxdgz,510940,医院所在市的外区（县）
440118000,广东省广州市增城区@,gdssgssxxlbz,511300,医院所在市的外区（县）
440118001,广东省广州市增城区荔城街道@,gdssgssxxsqz,511399,医院所在市的外区（县）
440118002,广东省广州市增城区增江街道@,gdssgssxxazz,511316,医院所在市的外区（县）
440118003,广东省广州市增城区朱村街道@,gdssgssxxcnz,511370,医院所在市的外区（县）
440118004,广东省广州市增城区永宁街道@,gdssgssxxssz,511356,医院所在市的外区（县）
440118100,广东省广州市增城区正果镇@,gdssgssxxsdsyzx,511390,医院所在市的外区（县）
440118101,广东省广州市增城区石滩镇@,gdssgsrhx,511325,医院所在市的外区（县）
440118102,广东省广州市增城区新塘镇@,gdssgsrhxdxjd,511340,医院所在市的外区（县）
440118103,广东省广州市增城区中新镇@,gdssgsrhxwsz,511365,医院所在市的外区（县）
440118104,广东省广州市增城区派潭镇@,gdssgsrhxfxz,511385,医院所在市的外区（县）
440118105,广东省广州市增城区小楼镇@,gdssgsrhxzjz,511396,医院所在市的外区（县）
440118106,广东省广州市增城区仙村镇@,gdssgsrhxckz,511462,医院所在市的外区（县）
440203000,广东省韶关市武江区@,gdssgsrhxhsz,512026,本省其他市
440203001,广东省韶关市武江区新华街道@,gdssgsrhxstz,512026,本省其他市
440203002,广东省韶关市武江区惠民街道@,gdssgsrhxdtz,512026,本省其他市
440203100,广东省韶关市武江区西联镇@,gdssgsrhxhkz,512026,本省其他市
440203101,广东省韶关市武江区西河镇@,gdssgsrhxztz,512026,本省其他市
440203102,广东省韶关市武江区重阳镇@,gdssgsrhxdqz,512026,本省其他市
440203103,广东省韶关市武江区龙归镇@,gdssgswyx,512026,本省其他市
440203104,广东省韶关市武江区江湾镇@,gdssgswyxlxz,512026,本省其他市
440204000,广东省韶关市浈江区@,gdssgswyxbzz,512023,本省其他市
440204001,广东省韶关市浈江区东河街道@,gdssgswyxjwz,512023,本省其他市
440204002,广东省韶关市浈江区车站街道@,gdssgswyxgdz,512023,本省其他市
440204006,广东省韶关市浈江区风采街道@,gdssgswyxzpz,512023,本省其他市
440204100,广东省韶关市浈江区新韶镇@,gdssgswyxwcz,512023,本省其他市
440204101,广东省韶关市浈江区乐园镇@,gdssgswyxxjz,512023,本省其他市
440204102,广东省韶关市浈江区花坪镇@,gdssgsryyzzzx,512023,本省其他市
440204103,广东省韶关市浈江区犁市镇@,gdssgsryyzzzxrcz,512023,本省其他市
440204104,广东省韶关市浈江区十里亭镇@,gdssgsryyzzzxylz,512023,本省其他市
440205000,广东省韶关市曲江区@,gdssgsryyzzzxgtz,512100,本省其他市
440205001,广东省韶关市曲江区松山街道@,gdssgsryyzzzxlyz,512100,本省其他市
440205100,广东省韶关市曲江区马坝镇@,gdssgsryyzzzxdbz,512100,本省其他市
440205103,广东省韶关市曲江区大塘镇@,gdssgsryyzzzxdqz,512100,本省其他市
440205104,广东省韶关市曲江区枫湾镇@,gdssgsryyzzzxdpz,512100,本省其他市
440205105,广东省韶关市曲江区小坑镇@,gdssgsryyzzzxyxz,512100,本省其他市
440205106,广东省韶关市曲江区沙溪镇@,gdssgsryyzzzxbbz,512100,本省其他市
440205108,广东省韶关市曲江区乌石镇@,gdssgsxfx,512100,本省其他市
440205109,广东省韶关市曲江区樟市镇@,gdssgsxfxfcjd,512100,本省其他市
440205110,广东省韶关市曲江区白土镇@,gdssgsxfxhqz,512100,本省其他市
440205119,广东省韶关市曲江区罗坑镇@,gdssgsxfxmtz,512100,本省其他市
440222000,广东省韶关市始兴县@,gdssgsxfxmkz,512500,本省其他市
440222100,广东省韶关市始兴县太平镇@,gdssgsxfxstz,512500,本省其他市
440222101,广东省韶关市始兴县马市镇@,gdssgsxfxytz,512500,本省其他市
440222102,广东省韶关市始兴县澄江镇@,gdssgsxfxhlz,512500,本省其他市
440222103,广东省韶关市始兴县顿岗镇@,gdssgslcs,512500,本省其他市
440222104,广东省韶关市始兴县罗坝镇@,gdssgslcslcjd,512500,本省其他市
440222105,广东省韶关市始兴县司前镇@,gdssgslcsbxz,512500,本省其他市
440222106,广东省韶关市始兴县隘子镇@,gdssgslcsjfz,512500,本省其他市
440222107,广东省韶关市始兴县城南镇@,gdssgslcsltz,512500,本省其他市
440222108,广东省韶关市始兴县沈所镇@,gdssgslcszlz,512500,本省其他市
440222203,广东省韶关市始兴县深渡水瑶族乡@,gdssgslcsmhz,512500,本省其他市
440224000,广东省韶关市仁化县@,gdssgslcssxz,512300,本省其他市
440224001,广东省韶关市仁化县丹霞街道@,gdssgslcspsz,512300,本省其他市
440224102,广东省韶关市仁化县闻韶镇@,gdssgslcshpz,512300,本省其他市
440224103,广东省韶关市仁化县扶溪镇@,gdssgslcswsz,512300,本省其他市
440224104,广东省韶关市仁化县长江镇@,gdssgslcsljz,512300,本省其他市
440224105,广东省韶关市仁化县城口镇@,gdssgslcsspz,512300,本省其他市
440224106,广东省韶关市仁化县红山镇@,gdssgslcsyyz,512300,本省其他市
440224107,广东省韶关市仁化县石塘镇@,gdssgslcsxsz,512300,本省其他市
440224108,广东省韶关市仁化县董塘镇@,gdssgslcsdyz,512300,本省其他市
440224109,广东省韶关市仁化县黄坑镇@,gdssgslcsqyz,512300,本省其他市
440224110,广东省韶关市仁化县周田镇@,gdssgslcsbsz,512300,本省其他市
440224111,广东省韶关市仁化县大桥镇@,gdssgsnxs,512300,本省其他市
440229000,广东省韶关市翁源县@,gdssgsnxsxzjd,512600,本省其他市
440229100,广东省韶关市翁源县龙仙镇@,gdssgsnxswjz,512600,本省其他市
440229104,广东省韶关市翁源县坝仔镇@,gdssgsnxsjzz,512600,本省其他市
440229106,广东省韶关市翁源县江尾镇@,gdssgsnxsptz,512600,本省其他市
440229109,广东省韶关市翁源县官渡镇@,gdssgsnxshkz,512600,本省其他市
440229111,广东省韶关市翁源县周陂镇@,gdssgsnxsdfz,512600,本省其他市
440229113,广东省韶关市翁源县翁城镇@,gdssgsnxsysz,512600,本省其他市
440229114,广东省韶关市翁源县新江镇@,gdssgsnxsnmz,512600,本省其他市
440232000,广东省韶关市乳源瑶族自治县@,gdssgsnxsskz,512600,本省其他市
440232100,广东省韶关市乳源瑶族自治县乳城镇@,gdssgsnxsjtz,512600,本省其他市
440232103,广东省韶关市乳源瑶族自治县一六镇@,gdssgsnxshkz,512600,本省其他市
440232104,广东省韶关市乳源瑶族自治县桂头镇@,gdssgsnxszjz,512600,本省其他市
440232106,广东省韶关市乳源瑶族自治县洛阳镇@,gdssgsnxsztz,512600,本省其他市
440232108,广东省韶关市乳源瑶族自治县大布镇@,gdssgsnxsgsz,512600,本省其他市
440232109,广东省韶关市乳源瑶族自治县大桥镇@,gdssgsnxsqaz,512600,本省其他市
440232111,广东省韶关市乳源瑶族自治县东坪镇@,gdssgsnxsbsz,512600,本省其他市
440232112,广东省韶关市乳源瑶族自治县游溪镇@,gdssgsnxslhz,512600,本省其他市
440232113,广东省韶关市乳源瑶族自治县必背镇@,gdssgsnxsmzfz,512600,本省其他市
440233000,广东省韶关市新丰县@,gdsszslhq,511100,本省其他市
440233001,广东省韶关市新丰县丰城街道@,gdsszslhqgyjd,511100,本省其他市
440233101,广东省韶关市新丰县黄磜镇@,gdsszslhqhbjd,511100,本省其他市
440233102,广东省韶关市新丰县马头镇@,gdsszslhqdmjd,511100,本省其他市
440233103,广东省韶关市新丰县梅坑镇@,gdsszslhqczjd,511100,本省其他市
440233104,广东省韶关市新丰县沙田镇@,gdsszslhqnhjd,511100,本省其他市
440233105,广东省韶关市新丰县遥田镇@,gdsszslhqsgjd,511100,本省其他市
440233106,广东省韶关市新丰县回龙镇@,gdsszslhqdhjd,511100,本省其他市
440281000,广东省韶关市乐昌市@,gdsszslhqltjd,512200,本省其他市
440281001,广东省韶关市乐昌市乐城街道@,gdsszslhqdxjd,512200,本省其他市
440281102,广东省韶关市乐昌市北乡镇@,gdsszslhqqshjd,512200,本省其他市
440281103,广东省韶关市乐昌市九峰镇@,gdsszsftq,512200,本省其他市
440281104,广东省韶关市乐昌市廊田镇@,gdsszsftqnyjd,512200,本省其他市
440281105,广东省韶关市乐昌市长来镇@,gdsszsftqyljd,512200,本省其他市
440281106,广东省韶关市乐昌市梅花镇@,gdsszsftqftjd,512200,本省其他市
440281107,广东省韶关市乐昌市三溪镇@,gdsszsftqstjd,512200,本省其他市
440281108,广东省韶关市乐昌市坪石镇@,gdsszsftqxmhjd,512200,本省其他市
440281110,广东省韶关市乐昌市黄圃镇@,gdsszsftqmljd,512200,本省其他市
440281111,广东省韶关市乐昌市五山镇@,gdsszsftqlhjd,512200,本省其他市
440281112,广东省韶关市乐昌市两江镇@,gdsszsftqhfjd,512200,本省其他市
440281113,广东省韶关市乐昌市沙坪镇@,gdsszsftqhqbjd,512200,本省其他市
440281114,广东省韶关市乐昌市云岩镇@,gdsszsftqfbjd,512200,本省其他市
440281115,广东省韶关市乐昌市秀水镇@,gdsszsnsq,512200,本省其他市
440281117,广东省韶关市乐昌市大源镇@,gdsszsnsqntjd,512200,本省其他市
440281118,广东省韶关市乐昌市庆云镇@,gdsszsnsqnsjd,512200,本省其他市
440281119,广东省韶关市乐昌市白石镇@,gdsszsnsqshjd,512200,本省其他市
440282000,广东省韶关市南雄市@,gdsszsnsqskjd,512400,本省其他市
440282001,广东省韶关市南雄市雄州街道@,gdsszsnsqzsjd,512400,本省其他市
440282100,广东省韶关市南雄市乌迳镇@,gdsszsnsqyhjd,512400,本省其他市
440282103,广东省韶关市南雄市界址镇@,gdsszsnsqtyjd,512400,本省其他市
440282104,广东省韶关市南雄市坪田镇@,gdsszsnsqxljd,512400,本省其他市
440282105,广东省韶关市南雄市黄坑镇@,gdsszsbaq,512400,本省其他市
440282106,广东省韶关市南雄市邓坊镇@,gdsszsbaqxajd,512400,本省其他市
440282107,广东省韶关市南雄市油山镇@,gdsszsbaqxxjd,512400,本省其他市
440282109,广东省韶关市南雄市南亩镇@,gdsszsbaqfyjd,512400,本省其他市
440282110,广东省韶关市南雄市水口镇@,gdsszsbaqsjjd,512400,本省其他市
440282111,广东省韶关市南雄市江头镇@,gdsszsbaqsgjd,512400,本省其他市
440282112,广东省韶关市南雄市湖口镇@,gdsszsbaqsyjd,512400,本省其他市
440282113,广东省韶关市南雄市珠玑镇@,gdsszsbaqhcjd,512400,本省其他市
440282115,广东省韶关市南雄市主田镇@,gdsszsbaqfhjd,512400,本省其他市
440282116,广东省韶关市南雄市古市镇@,gdsszsbaqxqjd,512400,本省其他市
440282118,广东省韶关市南雄市全安镇@,gdsszsbaqyljd,512400,本省其他市
440282120,广东省韶关市南雄市百顺镇@,gdsszslgq,512400,本省其他市
440282121,广东省韶关市南雄市澜河镇@,gdsszslgqhgjd,512400,本省其他市
440282122,广东省韶关市南雄市帽子峰镇@,gdsszslgqbjjd,512400,本省其他市
440303000,广东省深圳市罗湖区@,gdsszslgqkyjd,518001,本省其他市
440303001,广东省深圳市罗湖区桂园街道@,gdsszslgqdpjd,518001,本省其他市
440303002,广东省深圳市罗湖区黄贝街道@,gdsszslgqnajd,518001,本省其他市
440303003,广东省深圳市罗湖区东门街道@,gdsszslgqphjd,518001,本省其他市
440303004,广东省深圳市罗湖区翠竹街道@,gdsszslgqpdjd,518001,本省其他市
440303005,广东省深圳市罗湖区南湖街道@,gdsszslgqlgjd,518001,本省其他市
440303006,广东省深圳市罗湖区笋岗街道@,gdsszslgqlcjd,518001,本省其他市
440303007,广东省深圳市罗湖区东湖街道@,gdsszslgqbtjd,518001,本省其他市
440303008,广东省深圳市罗湖区莲塘街道@,gdsszslgqnwjd,518001,本省其他市
440303009,广东省深圳市罗湖区东晓街道@,gdsszslgqjhjd,518001,本省其他市
440303010,广东省深圳市罗湖区清水河街道@,gdsszslgqysjd,518001,本省其他市
440304000,广东省深圳市福田区@,gdsszslgqbljd,518000,本省其他市
440304001,广东省深圳市福田区南园街道@,gdsszsytq,518000,本省其他市
440304002,广东省深圳市福田区园岭街道@,gdsszsytqmsjd,518000,本省其他市
440304004,广东省深圳市福田区福田街道@,gdsszsytqytjd,518000,本省其他市
440304005,广东省深圳市福田区沙头街道@,gdsszsytqstjjd,518000,本省其他市
440304006,广东省深圳市福田区香蜜湖街道@,gdsszsytqhsjd,518000,本省其他市
440304007,广东省深圳市福田区梅林街道@,gdsszslhq,518000,本省其他市
440304008,广东省深圳市福田区莲花街道@,gdsszslhqlhjd,518000,本省其他市
440304009,广东省深圳市福田区华富街道@,gdsszslhqdljd,518000,本省其他市
440304010,广东省深圳市福田区华强北街道@,gdsszslhqmzjd,518000,本省其他市
440304011,广东省深圳市福田区福保街道@,gdsszslhqgljd,518000,本省其他市
440305000,广东省深圳市南山区@,gdsszslhqghjd,518000,本省其他市
440305001,广东省深圳市南山区南头街道@,gdsszslhqfcjd,518000,本省其他市
440305002,广东省深圳市南山区南山街道@,gdsszspsq,518000,本省其他市
440305003,广东省深圳市南山区沙河街道@,gdsszspsqpsjd,518000,本省其他市
440305005,广东省深圳市南山区蛇口街道@,gdsszspsqkzjd,518000,本省其他市
440305006,广东省深圳市南山区招商街道@,gdsszspsqmljd,518000,本省其他市
440305007,广东省深圳市南山区粤海街道@,gdsszspsqbljd,518000,本省其他市
440305008,广东省深圳市南山区桃源街道@,gdsszspsqsjjd,518000,本省其他市
440305009,广东省深圳市南山区西丽街道@,gdsszspsqltjd,518000,本省其他市
440306000,广东省深圳市宝安区@,gdsszsgmxq,518100,本省其他市
440306001,广东省深圳市宝安区新安街道@,gdsszsgmxqgmjd,518100,本省其他市
440306003,广东省深圳市宝安区西乡街道@,gdsszsgmxqgmjd,518100,本省其他市
440306004,广东省深圳市宝安区福永街道@,gdsszsgmxqxhjd,518100,本省其他市
440306005,广东省深圳市宝安区沙井街道@,gdsszsgmxqfhjd,518100,本省其他市
440306006,广东省深圳市宝安区松岗街道@,gdsszsgmxqytjd,518100,本省其他市
440306008,广东省深圳市宝安区石岩街道@,gdsszsgmxqmtjd,518100,本省其他市
440306016,广东省深圳市宝安区航城街道@,gdszhsxzq,518100,本省其他市
440306017,广东省深圳市宝安区福海街道@,gdszhsxzqcxjd,518100,本省其他市
440306018,广东省深圳市宝安区新桥街道@,gdszhsxzqmhjd,518100,本省其他市
440306019,广东省深圳市宝安区燕罗街道@,gdszhsxzqqsjd,518100,本省其他市
440307000,广东省深圳市龙岗区@,gdszhsxzqjdjd,518100,本省其他市
440307003,广东省深圳市龙岗区横岗街道@,gdszhsxzqgbjd,518100,本省其他市
440307004,广东省深圳市龙岗区布吉街道@,gdszhsxzqxwjd,518100,本省其他市
440307005,广东省深圳市龙岗区葵涌街道*@,gdszhsxzqssjd,518100,本省其他市
440307006,广东省深圳市龙岗区大鹏街道*@,gdszhsxzqwzjd,518100,本省其他市
440307007,广东省深圳市龙岗区南澳街道*@,gdszhsxzqtjwz,518100,本省其他市
440307008,广东省深圳市龙岗区平湖街道@,gdszhsxzqnpz,518100,本省其他市
440307009,广东省深圳市龙岗区坪地街道@,gdszhsxzqhqz,518100,本省其他市
440307011,广东省深圳市龙岗区龙岗街道@,gdszhsxzqgsz,518100,本省其他市
440307012,广东省深圳市龙岗区龙城街道@,gdszhsxzqdgz,518100,本省其他市
440307013,广东省深圳市龙岗区坂田街道@,gdszhsxzqwsz,518100,本省其他市
440307014,广东省深圳市龙岗区南湾街道@,gdszhsdmq,518100,本省其他市
440307015,广东省深圳市龙岗区吉华街道@,gdszhsdmqbtjd,518100,本省其他市
440307016,广东省深圳市龙岗区园山街道@,gdszhsdmqlzz,518100,本省其他市
440307017,广东省深圳市龙岗区宝龙街道@,gdszhsdmqdmz,518100,本省其他市
440308000,广东省深圳市盐田区@,gdszhsdmqqwz,518000,本省其他市
440308001,广东省深圳市盐田区梅沙街道@,gdszhsdmqbjz,518000,本省其他市
440308002,广东省深圳市盐田区盐田街道@,gdszhsdmqjaz,518000,本省其他市
440308003,广东省深圳市盐田区沙头角街道@,gdszhsjwq,518000,本省其他市
440308004,广东省深圳市盐田区海山街道@,gdszhsjwqszz,518000,本省其他市
440309000,广东省深圳市龙华区@,gdszhsjwqnsz,518000,本省其他市
440309001,广东省深圳市龙华区龙华街道@,gdszhsjwqhqz,518000,本省其他市
440309002,广东省深圳市龙华区大浪街道@,gdszhsjwqpsz,518000,本省其他市
440309003,广东省深圳市龙华区民治街道@,gdsstslhq,518000,本省其他市
440309004,广东省深圳市龙华区观澜街道@,gdsstslhqjxjd,518000,本省其他市
440309005,广东省深圳市龙华区观湖街道@,gdsstslhqlxjd,518000,本省其他市
440309006,广东省深圳市龙华区福城街道@,gdsstslhqotjd,518000,本省其他市
440310000,广东省深圳市坪山区@,gdsstslhqxjjd,518118,本省其他市
440310001,广东省深圳市坪山区坪山街道@,gdsstslhqzcjd,518118,本省其他市
440310002,广东省深圳市坪山区坑梓街道@,gdsstslhqwsz,518118,本省其他市
440310003,广东省深圳市坪山区马峦街道@,gdsstslhqxxz,518118,本省其他市
440310004,广东省深圳市坪山区碧岭街道@,gdsstsjpq,518118,本省其他市
440310005,广东省深圳市坪山区石井街道@,gdsstsjpqghjd,518118,本省其他市
440310006,广东省深圳市坪山区龙田街道@,gdsstsjpqtyjd,518118,本省其他市
440311000,广东省深圳市光明新区@,gdsstsjpqhajd,518107,本省其他市
440311001,广东省深圳市光明新区公明街道@,gdsstsjpqxfjd,518107,本省其他市
440311002,广东省深圳市光明新区光明街道@,gdsstsjpqyxjd,518107,本省其他市
440311003,广东省深圳市光明新区新湖街道@,gdsstsjpqtljd,518107,本省其他市
440311004,广东省深圳市光明新区凤凰街道@,gdsstsjpqtjjd,518107,本省其他市
440311005,广东省深圳市光明新区玉塘街道@,gdsstsjpqwqjd,518107,本省其他市
440311006,广东省深圳市光明新区马田街道@,gdsstsjpqdhjd,518107,本省其他市
440402000,广东省珠海市香洲区@,gdsstsjpqsptjd,519000,本省其他市
440402001,广东省珠海市香洲区翠香街道@,gdsstsjpqdfjd,519099,本省其他市
440402002,广东省珠海市香洲区梅华街道@,gdsstsjpqjsjd,519015,本省其他市
440402003,广东省珠海市香洲区前山街道@,gdsstsjpqjsjd,519070,本省其他市
440402004,广东省珠海市香洲区吉大街道@,gdsstsjpqddjd,519015,本省其他市
440402005,广东省珠海市香洲区拱北街道@,gdsstsjpqgsjd,519020,本省其他市
440402006,广东省珠海市香洲区香湾街道@,gdsstsjpqqsjd,519099,本省其他市
440402007,广东省珠海市香洲区狮山街道@,gdsstsjpqypjd,519099,本省其他市
440402008,广东省珠海市香洲区湾仔街道@,gdsstshjq,519030,本省其他市
440402100,广东省珠海市香洲区唐家湾镇@,gdsstshjqqsjd,519080,本省其他市
440402102,广东省珠海市香洲区南屏镇@,gdsstshjqdhjd,519060,本省其他市
440402104,广东省珠海市香洲区横琴镇@,gdsstshjqmjjd,519031,本省其他市
440402105,广东省珠海市香洲区桂山镇@,gdsstshjqgajd,519006,本省其他市
440402106,广东省珠海市香洲区担杆镇@,gdsstshjqhpjd,519006,本省其他市
440402107,广东省珠海市香洲区万山镇@,gdsstshjqyxjd,519006,本省其他市
440403000,广东省珠海市斗门区@,gdsstshjqbhjd,519100,本省其他市
440403001,广东省珠海市斗门区白藤街道@,gdsstscyq,519199,本省其他市
440403102,广东省珠海市斗门区莲洲镇@,gdsstscyqwgjd,519165,本省其他市
440403103,广东省珠海市斗门区斗门镇@,gdsstscyqcnjd,519110,本省其他市
440403105,广东省珠海市斗门区乾务镇@,gdsstscyqmbjd,519170,本省其他市
440403106,广东省珠海市斗门区白蕉镇@,gdsstscyqjpjd,519125,本省其他市
440403107,广东省珠海市斗门区井岸镇@,gdsstscyqhmz,519199,本省其他市
440404000,广东省珠海市金湾区@,gdsstscyqhpz,519190,本省其他市
440404100,广东省珠海市金湾区三灶镇@,gdsstscyqgyz,519040,本省其他市
440404101,广东省珠海市金湾区南水镇@,gdsstscyqtyz,519050,本省其他市
440404103,广东省珠海市金湾区红旗镇@,gdsstscyqgrz,519090,本省其他市
440404104,广东省珠海市金湾区平沙镇@,gdsstscyqhxz,519055,本省其他市
440507000,广东省汕头市龙湖区@,gdsstscyqxlz,515041,本省其他市
440507001,广东省汕头市龙湖区金霞街道@,gdsstscyqgbz,515041,本省其他市
440507002,广东省汕头市龙湖区龙祥街道@,gdsstscyqjzz,515041,本省其他市
440507003,广东省汕头市龙湖区鸥汀街道@,gdsstscnq,515041,本省其他市
440507004,广东省汕头市龙湖区新津街道@,gdsstscnqxsjd,515041,本省其他市
440507005,广东省汕头市龙湖区珠池街道@,gdsstscnqjdz,515041,本省其他市
440507100,广东省汕头市龙湖区外砂镇@,gdsstscnqltz,515041,本省其他市
440507101,广东省汕头市龙湖区新溪镇@,gdsstscnqctz,515041,本省其他市
440511000,广东省汕头市金平区@,gdsstscnqlgz,515041,本省其他市
440511001,广东省汕头市金平区光华街道@,gdsstscnqlyz,515041,本省其他市
440511002,广东省汕头市金平区同益街道@,gdsstscnqsmpz,515041,本省其他市
440511003,广东省汕头市金平区海安街道@,gdsstscnqcdz,515041,本省其他市
440511004,广东省汕头市金平区新福街道@,gdsstscnqxcz,515041,本省其他市
440511005,广东省汕头市金平区永祥街道@,gdsstscnqhcz,515041,本省其他市
440511006,广东省汕头市金平区鮀莲街道@,gdsstscnqllz,515041,本省其他市
440511007,广东省汕头市金平区鮀江街道@,gdsstschq,515041,本省其他市
440511008,广东省汕头市金平区乌桥街道@,gdsstschqfxjd,515041,本省其他市
440511009,广东省汕头市金平区大华街道@,gdsstschqchjd,515041,本省其他市
440511010,广东省汕头市金平区石炮台街道@,gdsstschqgyjd,515041,本省其他市
440511011,广东省汕头市金平区东方街道@,gdsstschqdlz,515041,本省其他市
440511012,广东省汕头市金平区金厦街道@,gdsstschqyhz,515041,本省其他市
440511013,广东省汕头市金平区金砂街道@,gdsstschqlhz,515041,本省其他市
440511014,广东省汕头市金平区东墩街道@,gdsstschqxnz,515041,本省其他市
440511015,广东省汕头市金平区广厦街道@,gdsstschqldz,515041,本省其他市
440511016,广东省汕头市金平区岐山街道@,gdsstschqlsz,515041,本省其他市
440511017,广东省汕头市金平区月浦街道@,gdsstschqlxz,515041,本省其他市
440512000,广东省汕头市濠江区@,gdsstschqshz,515071,本省其他市
440512001,广东省汕头市濠江区礐石街道@,gdsstsnax,515071,本省其他市
440512002,广东省汕头市濠江区达濠街道@,gdsstsnaxhzz,515071,本省其他市
440512003,广东省汕头市濠江区马滘街道@,gdsstsnaxyaz,515071,本省其他市
440512004,广东省汕头市濠江区广澳街道@,gdsstsnaxsaz,515071,本省其他市
440512005,广东省汕头市濠江区河浦街道@,gdsfssscq,515071,本省其他市
440512006,广东省汕头市濠江区玉新街道@,gdsfssscqzmjd,515071,本省其他市
440512007,广东省汕头市濠江区滨海街道@,gdsfssscqswzjd,515071,本省其他市
440513000,广东省汕头市潮阳区@,gdsfssscqzcjd,515100,本省其他市
440513001,广东省汕头市潮阳区文光街道@,gdsfssscqnzz,515100,本省其他市
440513002,广东省汕头市潮阳区城南街道@,gdsfssnhq,515100,本省其他市
440513003,广东省汕头市潮阳区棉北街道@,gdsfssnhqgcjd,515100,本省其他市
440513004,广东省汕头市潮阳区金浦街道@,gdsfssnhqlsz,515100,本省其他市
440513101,广东省汕头市潮阳区海门镇@,gdsfssnhqjjz,515100,本省其他市
440513102,广东省汕头市潮阳区和平镇@,gdsfssnhqdzz,515100,本省其他市
440513103,广东省汕头市潮阳区贵屿镇@,gdsfssnhqxqz,515100,本省其他市
440513104,广东省汕头市潮阳区铜盂镇@,gdsfssnhqdlz,515100,本省其他市
440513105,广东省汕头市潮阳区谷饶镇@,gdsfssnhqssz,515100,本省其他市
440513106,广东省汕头市潮阳区河溪镇@,gdsfsssdq,515100,本省其他市
440513107,广东省汕头市潮阳区西胪镇@,gdsfsssdqrgjd,515100,本省其他市
440513108,广东省汕头市潮阳区关埠镇@,gdsfsssdqljjd,515100,本省其他市
440513110,广东省汕头市潮阳区金灶镇@,gdsfsssdqlljd,515100,本省其他市
440514000,广东省汕头市潮南区@,gdsfsssdqdljd,515100,本省其他市
440514001,广东省汕头市潮南区峡山街道@,gdsfsssdqccz,515100,本省其他市
440514101,广东省汕头市潮南区井都镇@,gdsfsssdqbjz,515100,本省其他市
440514102,广东省汕头市潮南区陇田镇@,gdsfsssdqlcz,515100,本省其他市
440514104,广东省汕头市潮南区成田镇@,gdsfsssdqljz,515100,本省其他市
440514105,广东省汕头市潮南区胪岗镇@,gdsfsssdqxtz,515100,本省其他市
440514107,广东省汕头市潮南区两英镇@,gdsfsssdqjaz,515100,本省其他市
440514108,广东省汕头市潮南区司马浦镇@,gdsfssssq,515100,本省其他市
440514109,广东省汕头市潮南区陈店镇@,gdsfssssqxnjd,515100,本省其他市
440514111,广东省汕头市潮南区仙城镇@,gdsfssssqydhjd,515100,本省其他市
440514112,广东省汕头市潮南区红场镇@,gdsfssssqdtz,515100,本省其他市
440514113,广东省汕头市潮南区雷岭镇@,gdsfssssqlpz,515100,本省其他市
440515000,广东省汕头市澄海区@,gdsfssssqbnz,515800,本省其他市
440515001,广东省汕头市澄海区凤翔街道@,gdsfssssqlbz,515800,本省其他市
440515002,广东省汕头市澄海区澄华街道@,gdsfssssqnsz,515800,本省其他市
440515003,广东省汕头市澄海区广益街道@,gdsfssgmq,515800,本省其他市
440515101,广东省汕头市澄海区东里镇@,gdsfssgmqhcjd,515800,本省其他市
440515102,广东省汕头市澄海区盐鸿镇@,gdsfssgmqmcz,515800,本省其他市
440515103,广东省汕头市澄海区莲华镇@,gdsfssgmqyhz,515800,本省其他市
440515104,广东省汕头市澄海区溪南镇@,gdsfssgmqghz,515800,本省其他市
440515105,广东省汕头市澄海区隆都镇@,gdsjmspjq,515800,本省其他市
440515106,广东省汕头市澄海区莲上镇@,gdsjmspjqbsjd,515800,本省其他市
440515107,广东省汕头市澄海区莲下镇@,gdsjmspjqcljd,515800,本省其他市
440515108,广东省汕头市澄海区上华镇@,gdsjmspjqhsjd,515800,本省其他市
440523000,广东省汕头市南澳县@,gdsjmspjqhtz,515900,本省其他市
440523101,广东省汕头市南澳县后宅镇@,gdsjmspjqdrz,515900,本省其他市
440523102,广东省汕头市南澳县云澳镇@,gdsjmspjqtxz,515900,本省其他市
440523103,广东省汕头市南澳县深澳镇@,gdsjmsjhq,515900,本省其他市
440604000,广东省佛山市禅城区@,gdsjmsjhqjnjd,528000,本省其他市
440604001,广东省佛山市禅城区祖庙街道@,gdsjmsjhqwhjd,528000,本省其他市
440604002,广东省佛山市禅城区石湾镇街道@,gdsjmsjhqlljd,528000,本省其他市
440604003,广东省佛山市禅城区张槎街道@,gdsjmsxhq,528000,本省其他市
440604100,广东省佛山市禅城区南庄镇@,gdsjmsxhqhcjd,528000,本省其他市
440605000,广东省佛山市南海区@,gdsjmsxhqdzz,528200,本省其他市
440605001,广东省佛山市南海区桂城街道@,gdsjmsxhqsqz,528200,本省其他市
440605100,广东省佛山市南海区里水镇@,gdsjmsxhqsdz,528200,本省其他市
440605101,广东省佛山市南海区九江镇@,gdsjmsxhqgjz,528200,本省其他市
440605102,广东省佛山市南海区丹灶镇@,gdsjmsxhqsjz,528200,本省其他市
440605104,广东省佛山市南海区西樵镇@,gdsjmsxhqmzz,528200,本省其他市
440605105,广东省佛山市南海区大沥镇@,gdsjmsxhqdaz,528200,本省其他市
440605106,广东省佛山市南海区狮山镇@,gdsjmsxhqlkz,528200,本省其他市
440606000,广东省佛山市顺德区@,gdsjmsxhqssz,528300,本省其他市
440606001,广东省佛山市顺德区容桂街道@,gdsjmsxhqymz,528300,本省其他市
440606002,广东省佛山市顺德区伦教街道@,gdsjmstss,528300,本省其他市
440606003,广东省佛山市顺德区勒流街道@,gdsjmstsstcjd,528300,本省其他市
440606004,广东省佛山市顺德区大良街道@,gdsjmstssdjz,528300,本省其他市
440606100,广东省佛山市顺德区陈村镇@,gdsjmstsssbz,528300,本省其他市
440606101,广东省佛山市顺德区北滘镇@,gdsjmstsssjz,528300,本省其他市
440606102,广东省佛山市顺德区乐从镇@,gdsjmstssbsz,528300,本省其他市
440606103,广东省佛山市顺德区龙江镇@,gdsjmstssshz,528300,本省其他市
440606104,广东省佛山市顺德区杏坛镇@,gdsjmstssclz,528300,本省其他市
440606105,广东省佛山市顺德区均安镇@,gdsjmstssdsz,528300,本省其他市
440607000,广东省佛山市三水区@,gdsjmstssdhz,528100,本省其他市
440607001,广东省佛山市三水区西南街道@,gdsjmstsscxz,528100,本省其他市
440607004,广东省佛山市三水区云东海街道@,gdsjmstssdfz,528100,本省其他市
440607101,广东省佛山市三水区大塘镇@,gdsjmstssghz,528100,本省其他市
440607103,广东省佛山市三水区乐平镇@,gdsjmstsshyz,528100,本省其他市
440607104,广东省佛山市三水区白坭镇@,gdsjmstsswcz,528100,本省其他市
440607105,广东省佛山市三水区芦苞镇@,gdsjmstsssjz,528100,本省其他市
440607106,广东省佛山市三水区南山镇@,gdsjmstssbdz,528100,本省其他市
440608000,广东省佛山市高明区@,gdsjmstsscdz,528500,本省其他市
440608001,广东省佛山市高明区荷城街道@,gdsjmskps,528500,本省其他市
440608103,广东省佛山市高明区明城镇@,gdsjmskpssbjd,528500,本省其他市
440608107,广东省佛山市高明区杨和镇@,gdsjmskpszsjd,528500,本省其他市
440608108,广东省佛山市高明区更合镇@,gdsjmskpsysz,528500,本省其他市
440703000,广东省江门市蓬江区@,gdsjmskpsskz,529000,本省其他市
440703002,广东省江门市蓬江区白沙街道@,gdsjmskpsstz,529000,本省其他市
440703005,广东省江门市蓬江区潮连街道@,gdsjmskpsccz,529000,本省其他市
440703006,广东省江门市蓬江区环市街道@,gdsjmskpslsz,529000,本省其他市
440703101,广东省江门市蓬江区荷塘镇@,gdsjmskpsdsz,529000,本省其他市
440703102,广东省江门市蓬江区杜阮镇@,gdsjmskpsmgz,529000,本省其他市
440703103,广东省江门市蓬江区棠下镇@,gdsjmskpstkz,529000,本省其他市
440704000,广东省江门市江海区@,gdsjmskpsckz,529000,本省其他市
440704001,广东省江门市江海区江南街道@,gdsjmskpsbhz,529000,本省其他市
440704004,广东省江门市江海区外海街道@,gdsjmskpsxgz,529000,本省其他市
440704005,广东省江门市江海区礼乐街道@,gdsjmskpsjjz,529000,本省其他市
440705000,广东省江门市新会区@,gdsjmskpscsz,529100,本省其他市
440705001,广东省江门市新会区会城街道@,gdsjmshss,529100,本省其他市
440705101,广东省江门市新会区大泽镇@,gdsjmshssspjd,529100,本省其他市
440705103,广东省江门市新会区司前镇@,gdsjmshsslkz,529100,本省其他市
440705110,广东省江门市新会区沙堆镇@,gdsjmshssyyz,529100,本省其他市
440705111,广东省江门市新会区古井镇@,gdsjmshssglz,529100,本省其他市
440705112,广东省江门市新会区三江镇@,gdsjmshsstyz,529100,本省其他市
440705113,广东省江门市新会区睦洲镇@,gdsjmshsshcz,529100,本省其他市
440705114,广东省江门市新会区大鳌镇@,gdsjmshssghz,529100,本省其他市
440705119,广东省江门市新会区罗坑镇@,gdsjmshsszsz,529100,本省其他市
440705120,广东省江门市新会区双水镇@,gdsjmshsszwz,529100,本省其他市
440705121,广东省江门市新会区崖门镇@,gdsjmshssshz,529100,本省其他市
440781000,广东省江门市台山市@,gdsjmseps,529200,本省其他市
440781001,广东省江门市台山市台城街道@,gdsjmsepsecjd,529200,本省其他市
440781101,广东省江门市台山市大江镇@,gdsjmsepshpz,529200,本省其他市
440781102,广东省江门市台山市水步镇@,gdsjmsepsstz,529200,本省其他市
440781103,广东省江门市台山市四九镇@,gdsjmsepslxz,529200,本省其他市
440781105,广东省江门市台山市白沙镇@,gdsjmsepsshz,529200,本省其他市
440781106,广东省江门市台山市三合镇@,gdsjmsepsnjz,529200,本省其他市
440781107,广东省江门市台山市冲蒌镇@,gdsjmsepsjtz,529200,本省其他市
440781108,广东省江门市台山市斗山镇@,gdsjmsepsdtz,529200,本省其他市
440781109,广东省江门市台山市都斛镇@,gdsjmsepsnjz,529200,本省其他市
440781110,广东省江门市台山市赤溪镇@,gdsjmsepsdhz,529200,本省其他市
440781111,广东省江门市台山市端芬镇@,gdsjmsepsdcz,529200,本省其他市
440781112,广东省江门市台山市广海镇@,gdszjsckq,529200,本省其他市
440781113,广东省江门市台山市海宴镇@,gdszjsckqzhjd,529200,本省其他市
440781114,广东省江门市台山市汶村镇@,gdszjsckqcjjd,529200,本省其他市
440781115,广东省江门市台山市深井镇@,gdszjsckqmzjd,529200,本省其他市
440781117,广东省江门市台山市北陡镇@,gdszjsckqzsjd,529200,本省其他市
440781120,广东省江门市台山市川岛镇@,gdszjsckqdsjd,529200,本省其他市
440783000,广东省江门市开平市@,gdszjsckqswjd,529300,本省其他市
440783001,广东省江门市开平市三埠街道@,gdszjsckqnqjd,529300,本省其他市
440783002,广东省江门市开平市长沙街道@,gdszjsckqbqjd,529300,本省其他市
440783101,广东省江门市开平市月山镇@,gdszjsxsq,529300,本省其他市
440783102,广东省江门市开平市水口镇@,gdszjsxsqjfjd,529300,本省其他市
440783103,广东省江门市开平市沙塘镇@,gdszjsxsqagjd,529300,本省其他市
440783104,广东省江门市开平市苍城镇@,gdszjsxsqgnjd,529300,本省其他市
440783105,广东省江门市开平市龙胜镇@,gdszjsxsqyyjd,529300,本省其他市
440783106,广东省江门市开平市大沙镇@,gdszjsxsqxxjd,529300,本省其他市
440783107,广东省江门市开平市马冈镇@,gdszjsxsqhbjd,529300,本省其他市
440783108,广东省江门市开平市塘口镇@,gdszjsxsqjsjd,529300,本省其他市
440783109,广东省江门市开平市赤坎镇@,gdszjsxsqdxjd,529300,本省其他市
440783110,广东省江门市开平市百合镇@,gdszjsxsqxyjd,529300,本省其他市
440783111,广东省江门市开平市蚬冈镇@,gdszjsxsqhtjd,529300,本省其他市
440783112,广东省江门市开平市金鸡镇@,gdszjsptq,529300,本省其他市
440783113,广东省江门市开平市赤水镇@,gdszjsptqndjd,529300,本省其他市
440784000,广东省江门市鹤山市@,gdszjsptqmxjd,529700,本省其他市
440784001,广东省江门市鹤山市沙坪街道@,gdszjsptqnsz,529700,本省其他市
440784101,广东省江门市鹤山市龙口镇@,gdszjsptqptz,529700,本省其他市
440784102,广东省江门市鹤山市雅瑶镇@,gdszjsptqqtz,529700,本省其他市
440784103,广东省江门市鹤山市古劳镇@,gdszjsptqltz,529700,本省其他市
440784104,广东省江门市鹤山市桃源镇@,gdszjsptqgdz,529700,本省其他市
440784105,广东省江门市鹤山市鹤城镇@,gdszjsmzq,529700,本省其他市
440784106,广东省江门市鹤山市共和镇@,gdszjsmzqmzz,529700,本省其他市
440784107,广东省江门市鹤山市址山镇@,gdszjsmzqtpz,529700,本省其他市
440784108,广东省江门市鹤山市宅梧镇@,gdszjsmzqhgz,529700,本省其他市
440784110,广东省江门市鹤山市双合镇@,gdszjssxx,529700,本省其他市
440785000,广东省江门市恩平市@,gdszjssxxscz,529400,本省其他市
440785001,广东省江门市恩平市恩城街道@,gdszjssxxhlz,529400,本省其他市
440785100,广东省江门市恩平市横陂镇@,gdszjssxxyqz,529400,本省其他市
440785101,广东省江门市恩平市圣堂镇@,gdszjssxxjpz,529400,本省其他市
440785102,广东省江门市恩平市良西镇@,gdszjssxxygz,529400,本省其他市
440785103,广东省江门市恩平市沙湖镇@,gdszjssxxcyz,529400,本省其他市
440785104,广东省江门市恩平市牛江镇@,gdszjssxxwtz,529400,本省其他市
440785105,广东省江门市恩平市君堂镇@,gdszjssxxjxz,529400,本省其他市
440785106,广东省江门市恩平市大田镇@,gdszjssxxlbz,529400,本省其他市
440785107,广东省江门市恩平市那吉镇@,gdszjssxxbpz,529400,本省其他市
440785108,广东省江门市恩平市大槐镇@,gdszjssxxgmz,529400,本省其他市
440785109,广东省江门市恩平市东成镇@,gdszjssxxctz,529400,本省其他市
440802000,广东省湛江市赤坎区@,gdszjssxxhtz,524033,本省其他市
440802001,广东省湛江市赤坎区中华街道@,gdszjssxxlmz,524033,本省其他市
440802002,广东省湛江市赤坎区寸金街道@,gdszjssxxjhz,524033,本省其他市
440802003,广东省湛江市赤坎区民主街道@,gdszjsxwx,524033,本省其他市
440802004,广东省湛江市赤坎区中山街道@,gdszjsxwxxcjd,524033,本省其他市
440802005,广东省湛江市赤坎区调顺街道@,gdszjsxwxmcz,524033,本省其他市
440802006,广东省湛江市赤坎区沙湾街道@,gdszjsxwxhaz,524033,本省其他市
440802007,广东省湛江市赤坎区南桥街道@,gdszjsxwxqjz,524033,本省其他市
440802008,广东省湛江市赤坎区北桥街道@,gdszjsxwxqsz,524033,本省其他市
440803000,广东省湛江市霞山区@,gdszjsxwxxlz,524002,本省其他市
440803001,广东省湛江市霞山区解放街道@,gdszjsxwxxqz,524002,本省其他市
440803002,广东省湛江市霞山区爱国街道@,gdszjsxwxltz,524002,本省其他市
440803003,广东省湛江市霞山区工农街道@,gdszjsxwxxyz,524002,本省其他市
440803004,广东省湛江市霞山区友谊街道@,gdszjsxwxjhz,524002,本省其他市
440803005,广东省湛江市霞山区新兴街道@,gdszjsxwxhaz,524002,本省其他市
440803006,广东省湛江市霞山区海滨街道@,gdszjsxwxxlz,524002,本省其他市
440803009,广东省湛江市霞山区建设街道@,gdszjsxwxnsz,524002,本省其他市
440803010,广东省湛江市霞山区东新街道@,gdszjsxwxcbx,524002,本省其他市
440803011,广东省湛江市霞山区新园街道@,gdszjsxwxjwx,524002,本省其他市
440803012,广东省湛江市霞山区海头街道@,gdszjsljs,524002,本省其他市
440804000,广东省湛江市坡头区@,gdszjsljslzjd,524057,本省其他市
440804001,广东省湛江市坡头区南调街道@,gdszjsljscbjd,524057,本省其他市
440804002,广东省湛江市坡头区麻斜街道@,gdszjsljscnjd,524057,本省其他市
440804100,广东省湛江市坡头区南三镇@,gdszjsljsscz,524057,本省其他市
440804101,广东省湛江市坡头区坡头镇@,gdszjsljsxmz,524057,本省其他市
440804102,广东省湛江市坡头区乾塘镇@,gdszjsljsjsz,524057,本省其他市
440804103,广东省湛江市坡头区龙头镇@,gdszjsljshcz,524057,本省其他市
440804104,广东省湛江市坡头区官渡镇@,gdszjsljssjz,524057,本省其他市
440811000,广东省湛江市麻章区@,gdszjsljsltz,524003,本省其他市
440811100,广东省湛江市麻章区麻章镇@,gdszjsljshsz,524003,本省其他市
440811101,广东省湛江市麻章区太平镇@,gdszjsljsapz,524003,本省其他市
440811102,广东省湛江市麻章区湖光镇@,gdszjsljsyzz,524003,本省其他市
440823000,广东省湛江市遂溪县@,gdszjsljsqpz,524300,本省其他市
440823100,广东省湛江市遂溪县遂城镇@,gdszjsljscbz,524300,本省其他市
440823101,广东省湛江市遂溪县黄略镇@,gdszjsljsgqz,524300,本省其他市
440823102,广东省湛江市遂溪县洋青镇@,gdszjsljsslz,524300,本省其他市
440823104,广东省湛江市遂溪县界炮镇@,gdszjsljsytz,524300,本省其他市
440823106,广东省湛江市遂溪县杨柑镇@,gdszjsljssjz,524300,本省其他市
440823107,广东省湛江市遂溪县城月镇@,gdszjsljszsz,524300,本省其他市
440823108,广东省湛江市遂溪县乌塘镇@,gdszjsljstpz,524300,本省其他市
440823109,广东省湛江市遂溪县建新镇@,gdszjsljshlz,524300,本省其他市
440823110,广东省湛江市遂溪县岭北镇@,gdszjslzs,524300,本省其他市
440823111,广东省湛江市遂溪县北坡镇@,gdszjslzslcjd,524300,本省其他市
440823112,广东省湛江市遂溪县港门镇@,gdszjslzsxcjd,524300,本省其他市
440823113,广东省湛江市遂溪县草潭镇@,gdszjslzsxhjd,524300,本省其他市
440823115,广东省湛江市遂溪县河头镇@,gdszjslzsfcz,524300,本省其他市
440823116,广东省湛江市遂溪县乐民镇@,gdszjslzsbsz,524300,本省其他市
440823117,广东省湛江市遂溪县江洪镇@,gdszjslzsstz,524300,本省其他市
440825000,广东省湛江市徐闻县@,gdszjslzsklz,524100,本省其他市
440825001,广东省湛江市徐闻县徐城街道@,gdszjslzsyjz,524100,本省其他市
440825102,广东省湛江市徐闻县迈陈镇@,gdszjslzstjz,524100,本省其他市
440825103,广东省湛江市徐闻县海安镇@,gdszjslzsjjz,524100,本省其他市
440825104,广东省湛江市徐闻县曲界镇@,gdszjslzsqsz,524100,本省其他市
440825105,广东省湛江市徐闻县前山镇@,gdszjslzsnxz,524100,本省其他市
440825106,广东省湛江市徐闻县西连镇@,gdszjslzsszz,524100,本省其他市
440825107,广东省湛江市徐闻县下桥镇@,gdszjslzsdfz,524100,本省其他市
440825108,广东省湛江市徐闻县龙塘镇@,gdszjslzslgz,524100,本省其他市
440825109,广东省湛江市徐闻县下洋镇@,gdszjslzsdlz,524100,本省其他市
440825110,广东省湛江市徐闻县锦和镇@,gdszjslzslmz,524100,本省其他市
440825111,广东省湛江市徐闻县和安镇@,gdszjslzsylz,524100,本省其他市
440825112,广东省湛江市徐闻县新寮镇@,gdszjslzsbhz,524100,本省其他市
440825113,广东省湛江市徐闻县南山镇@,gdszjslzstdz,524100,本省其他市
440825201,广东省湛江市徐闻县城北乡@,gdszjslzswsz,524100,本省其他市
440825204,广东省湛江市徐闻县角尾乡@,gdszjswcs,524100,本省其他市
440881000,广东省湛江市廉江市@,gdszjswcsmljd,524400,本省其他市
440881001,广东省湛江市廉江市罗州街道@,gdszjswcstwjd,524400,本省其他市
440881002,广东省湛江市廉江市城北街道@,gdszjswcsdsjjd,524400,本省其他市
440881003,广东省湛江市廉江市城南街道@,gdszjswcsbpjd,524400,本省其他市
440881101,广东省湛江市廉江市石城镇@,gdszjswcshbjd,524400,本省其他市
440881102,广东省湛江市廉江市新民镇@,gdszjswcsqsz,524400,本省其他市
440881103,广东省湛江市廉江市吉水镇@,gdszjswcszqz,524400,本省其他市
440881104,广东省湛江市廉江市河唇镇@,gdszjswcstbz,524400,本省其他市
440881105,广东省湛江市廉江市石角镇@,gdszjswcswcgz,524400,本省其他市
440881106,广东省湛江市廉江市良垌镇@,gdszjswcszwz,524400,本省其他市
440881109,广东省湛江市廉江市横山镇@,gdszjswcszpz,524400,本省其他市
440881110,广东省湛江市廉江市安铺镇@,gdszjswcswyz,524400,本省其他市
440881111,广东省湛江市廉江市营仔镇@,gdszjswcstz,524400,本省其他市
440881112,广东省湛江市廉江市青平镇@,gdszjswcshpz,524400,本省其他市
440881113,广东省湛江市廉江市车板镇@,gdszjswcslsz,524400,本省其他市
440881114,广东省湛江市廉江市高桥镇@,gdsmmsmnq,524400,本省其他市
440881115,广东省湛江市廉江市石岭镇@,gdsmmsmnqhqjd,524400,本省其他市
440881117,广东省湛江市廉江市雅塘镇@,gdsmmsmnqhxjd,524400,本省其他市
440881118,广东省湛江市廉江市石颈镇@,gdsmmsmnqhdjd,524400,本省其他市
440881119,广东省湛江市廉江市长山镇@,gdsmmsmnqltkjd,524400,本省其他市
440881120,广东省湛江市廉江市塘蓬镇@,gdsmmsmnqxhjd,524400,本省其他市
440881121,广东省湛江市廉江市和寮镇@,gdsmmsmnqgdjd,524400,本省其他市
440882000,广东省湛江市雷州市@,gdsmmsmnqzqjd,524200,本省其他市
440882001,广东省湛江市雷州市雷城街道@,gdsmmsmnqcnjd,524200,本省其他市
440882002,广东省湛江市雷州市新城街道@,gdsmmsmnqjtz,524200,本省其他市
440882003,广东省湛江市雷州市西湖街道@,gdsmmsmnqggz,524200,本省其他市
440882101,广东省湛江市雷州市附城镇@,gdsmmsmnqxpz,524200,本省其他市
440882102,广东省湛江市雷州市白沙镇@,gdsmmsmnqzsz,524200,本省其他市
440882103,广东省湛江市雷州市沈塘镇@,gdsmmsmnqatz,524200,本省其他市
440882104,广东省湛江市雷州市客路镇@,gdsmmsmnqmhz,524200,本省其他市
440882105,广东省湛江市雷州市杨家镇@,gdsmmsmnqgsz,524200,本省其他市
440882106,广东省湛江市雷州市唐家镇@,gdsmmsmnqsgz,524200,本省其他市
440882107,广东省湛江市雷州市纪家镇@,gdsmmsmnqyjz,524200,本省其他市
440882108,广东省湛江市雷州市企水镇@,gdsmmsdbq,524200,本省其他市
440882109,广东省湛江市雷州市南兴镇@,gdsmmsdbqnhjd,524200,本省其他市
440882110,广东省湛江市雷州市松竹镇@,gdsmmsdbqgdjd,524200,本省其他市
440882111,广东省湛江市雷州市调风镇@,gdsmmsdbqdhjd,524200,本省其他市
440882112,广东省湛江市雷州市雷高镇@,gdsmmsdbqccjd,524200,本省其他市
440882113,广东省湛江市雷州市东里镇@,gdsmmsdbqpxz,524200,本省其他市
440882114,广东省湛江市雷州市龙门镇@,gdsmmsdbqxlz,524200,本省其他市
440882115,广东省湛江市雷州市英利镇@,gdsmmsdbqsyz,524200,本省其他市
440882116,广东省湛江市雷州市北和镇@,gdsmmsdbqmtz,524200,本省其他市
440882118,广东省湛江市雷州市覃斗镇@,gdsmmsdbqlmz,524200,本省其他市
440882119,广东省湛江市雷州市乌石镇@,gdsmmsdbqszz,524200,本省其他市
440883000,广东省湛江市吴川市@,gdsmmsdbqmgz,524500,本省其他市
440883001,广东省湛江市吴川市梅菉街道@,gdsmmsdbqdcz,524500,本省其他市
440883002,广东省湛江市吴川市塘尾街道@,gdsmmsdbqltz,524500,本省其他市
440883003,广东省湛江市吴川市大山江街道@,gdsmmsdbqxdz,524500,本省其他市
440883004,广东省湛江市吴川市博铺街道@,gdsmmsdbqgzz,524500,本省其他市
440883005,广东省湛江市吴川市海滨街道@,gdsmmsdbqslz,524500,本省其他市
440883100,广东省湛江市吴川市浅水镇@,gdsmmsdbqhlz,524500,本省其他市
440883101,广东省湛江市吴川市长岐镇@,gdsmmsdbqwfz,524500,本省其他市
440883102,广东省湛江市吴川市覃巴镇@,gdsmmsdbqlkz,524500,本省其他市
440883103,广东省湛江市吴川市王村港镇@,gdsmmsdbqnhz,524500,本省其他市
440883104,广东省湛江市吴川市振文镇@,gdsmmsdbqsdz,524500,本省其他市
440883105,广东省湛江市吴川市樟铺镇@,gdsmmsgzs,524500,本省其他市
440883106,广东省湛江市吴川市吴阳镇@,gdsmmsgzsszljd,524500,本省其他市
440883107,广东省湛江市吴川市塘镇@,gdsmmsgzssmjd,524500,本省其他市
440883109,广东省湛江市吴川市黄坡镇@,gdsmmsgzsjsjd,524500,本省其他市
440883111,广东省湛江市吴川市兰石镇@,gdsmmsgzsbgjd,524500,本省其他市
440902000,广东省茂名市茂南区@,gdsmmsgzspzjd,525000,本省其他市
440902001,广东省茂名市茂南区红旗街道@,gdsmmsgzsxjz,525000,本省其他市
440902002,广东省茂名市茂南区河西街道@,gdsmmsgzsxtz,525000,本省其他市
440902003,广东省茂名市茂南区河东街道@,gdsmmsgzsytz,525000,本省其他市
440902004,广东省茂名市茂南区露天矿街道@,gdsmmsgzsfjz,525000,本省其他市
440902005,广东省茂名市茂南区新华街道@,gdsmmsgzsgzz,525000,本省其他市
440902006,广东省茂名市茂南区官渡街道@,gdsmmsgzsssz,525000,本省其他市
440902007,广东省茂名市茂南区站前街道@,gdsmmsgzssgz,525000,本省其他市
440902008,广东省茂名市茂南区城南街道@,gdsmmsgzszjz,525000,本省其他市
440902100,广东省茂名市茂南区金塘镇@,gdsmmsgzsstz,525000,本省其他市
440902101,广东省茂名市茂南区公馆镇@,gdsmmsgzsntz,525000,本省其他市
440902102,广东省茂名市茂南区新坡镇@,gdsmmsgzshhz,525000,本省其他市
440902103,广东省茂名市茂南区镇盛镇@,gdsmmsgzssbz,525000,本省其他市
440902104,广东省茂名市茂南区鳌头镇@,gdsmmsgzsdaz,525000,本省其他市
440902105,广东省茂名市茂南区袂花镇@,gdsmmsgzsdjz,525000,本省其他市
440902106,广东省茂名市茂南区高山镇@,gdsmmsgzsttz,525000,本省其他市
440902107,广东省茂名市茂南区山阁镇@,gdsmmsgzszpz,525000,本省其他市
440902108,广东省茂名市茂南区羊角镇@,gdsmmsgzsdpz,525000,本省其他市
440904000,广东省茂名市电白区@,gdsmmsgzspsz,525400,本省其他市
440904001,广东省茂名市电白区南海街道@,gdsmmsgzsszz,525400,本省其他市
440904002,广东省茂名市电白区高地街道@,gdsmmsgzsmgz,525400,本省其他市
440904004,广东省茂名市电白区电海街道@,gdsmmsgzsgdz,525400,本省其他市
440904005,广东省茂名市电白区陈村街道@,gdsmmsgzscjz,525400,本省其他市
440904101,广东省茂名市电白区坡心镇@,gdsmmsgzshtz,525400,本省其他市
440904102,广东省茂名市电白区小良镇@,gdsmmshzs,525400,本省其他市
440904103,广东省茂名市电白区沙院镇@,gdsmmshzshxjd,525400,本省其他市
440904104,广东省茂名市电白区马踏镇@,gdsmmshzsdsjd,525400,本省其他市
440904105,广东省茂名市电白区岭门镇@,gdsmmshzsxgjd,525400,本省其他市
440904106,广东省茂名市电白区树仔镇@,gdsmmshzsnsjd,525400,本省其他市
440904107,广东省茂名市电白区麻岗镇@,gdsmmshzsswjd,525400,本省其他市
440904108,广东省茂名市电白区旦场镇@,gdsmmshzsjjjd,525400,本省其他市
440904109,广东省茂名市电白区林头镇@,gdsmmshzszqz,525400,本省其他市
440904110,广东省茂名市电白区霞洞镇@,gdsmmshzstqz,525400,本省其他市
440904111,广东省茂名市电白区观珠镇@,gdsmmshzsymz,525400,本省其他市
440904112,广东省茂名市电白区沙琅镇@,gdsmmshzslgz,525400,本省其他市
440904113,广东省茂名市电白区黄岭镇@,gdsmmshzsdqz,525400,本省其他市
440904114,广东省茂名市电白区望夫镇@,gdsmmshzslgz,525400,本省其他市
440904115,广东省茂名市电白区罗坑镇@,gdsmmshzsxaz,525400,本省其他市
440904116,广东省茂名市电白区那霍镇@,gdsmmshzsgqz,525400,本省其他市
440904117,广东省茂名市电白区水东镇@,gdsmmshzslcz,525400,本省其他市
440981000,广东省茂名市高州市@,gdsmmshzsztz,525200,本省其他市
440981002,广东省茂名市高州市石仔岭街道@,gdsmmshzshjz,525200,本省其他市
440981003,广东省茂名市高州市山美街道@,gdsmmshzsnwz,525200,本省其他市
440981006,广东省茂名市高州市金山街道@,gdsmmshzsbyz,525200,本省其他市
440981007,广东省茂名市高州市宝光街道@,gdsmmshzsbwz,525200,本省其他市
440981008,广东省茂名市高州市潘州街道@,gdsmmshzspdz,525200,本省其他市
440981100,广东省茂名市高州市谢鸡镇@,gdsmmshzswlz,525200,本省其他市
440981101,广东省茂名市高州市新垌镇@,gdsmmshzsjhz,525200,本省其他市
440981102,广东省茂名市高州市云潭镇@,gdsmmsxys,525200,本省其他市
440981103,广东省茂名市高州市分界镇@,gdsmmsxysdzjd,525200,本省其他市
440981104,广东省茂名市高州市根子镇@,gdsmmsxyszlz,525200,本省其他市
440981105,广东省茂名市高州市泗水镇@,gdsmmsxysskz,525200,本省其他市
440981106,广东省茂名市高州市石鼓镇@,gdsmmsxysbjz,525200,本省其他市
440981107,广东省茂名市高州市镇江镇@,gdsmmsxysdbz,525200,本省其他市
440981109,广东省茂名市高州市沙田镇@,gdsmmsxyscdz,525200,本省其他市
440981110,广东省茂名市高州市南塘镇@,gdsmmsxysjtz,525200,本省其他市
440981111,广东省茂名市高州市荷花镇@,gdsmmsxyszsz,525200,本省其他市
440981112,广东省茂名市高州市石板镇@,gdsmmsxysgzz,525200,本省其他市
440981113,广东省茂名市高州市东岸镇@,gdsmmsxyshxz,525200,本省其他市
440981115,广东省茂名市高州市大井镇@,gdsmmsxyscsz,525200,本省其他市
440981116,广东省茂名市高州市潭头镇@,gdsmmsxyshgz,525200,本省其他市
440981117,广东省茂名市高州市长坡镇@,gdsmmsxysbsz,525200,本省其他市
440981119,广东省茂名市高州市大坡镇@,gdsmmsxysdcz,525200,本省其他市
440981120,广东省茂名市高州市平山镇@,gdsmmsxysqpz,525200,本省其他市
440981121,广东省茂名市高州市深镇镇@,gdsmmsxyshsz,525200,本省其他市
440981122,广东省茂名市高州市马贵镇@,gdsmmsxysxbz,525200,本省其他市
440981123,广东省茂名市高州市古丁镇@,gdsmmsxysptz,525200,本省其他市
440981124,广东省茂名市高州市曹江镇@,gdsmmsxysshz,525200,本省其他市
440981126,广东省茂名市高州市荷塘镇@,gdszqsdzq,525200,本省其他市
440982000,广东省茂名市化州市@,gdszqsdzqcdjd,525100,本省其他市
440982001,广东省茂名市化州市河西街道@,gdszqsdzqcxjd,525100,本省其他市
440982002,广东省茂名市化州市东山街道@,gdszqsdzqhgjd,525100,本省其他市
440982003,广东省茂名市化州市下郭街道@,gdszqsdzqmgjd,525100,本省其他市
440982004,广东省茂名市化州市南盛街道@,gdszqsdhq,525100,本省其他市
440982005,广东省茂名市化州市石湾街道@,gdszqsdhqkkjd,525100,本省其他市
440982006,广东省茂名市化州市鉴江街道@,gdszqsdhqgcjd,525100,本省其他市
440982100,广东省茂名市化州市长岐镇@,gdszqsdhqgljd,525100,本省其他市
440982101,广东省茂名市化州市同庆镇@,gdszqsdhqyaz,525100,本省其他市
440982102,广东省茂名市化州市杨梅镇@,gdszqsdhqspz,525100,本省其他市
440982103,广东省茂名市化州市良光镇@,gdszqsdhqfhz,525100,本省其他市
440982104,广东省茂名市化州市笪桥镇@,gdszqsdhqlhz,525100,本省其他市
440982106,广东省茂名市化州市丽岗镇@,gdszqsgyq,525100,本省其他市
440982107,广东省茂名市化州市新安镇@,gdszqsgyqnajd,525100,本省其他市
440982108,广东省茂名市化州市官桥镇@,gdszqsgyqhtz,525100,本省其他市
440982110,广东省茂名市化州市林尘镇@,gdszqsgyqlcz,525100,本省其他市
440982111,广东省茂名市化州市中垌镇@,gdszqsgyqsnz,525100,本省其他市
440982112,广东省茂名市化州市合江镇@,gdszqsgyqlbz,525100,本省其他市
440982113,广东省茂名市化州市那务镇@,gdszqsgyqxxz,525100,本省其他市
440982114,广东省茂名市化州市播扬镇@,gdszqsgyqdwz,525100,本省其他市
440982115,广东省茂名市化州市宝圩镇@,gdszqsgyqxqz,525100,本省其他市
440982116,广东省茂名市化州市平定镇@,gdszqsgyqbzz,525100,本省其他市
440982117,广东省茂名市化州市文楼镇@,gdszqsgyqltz,525100,本省其他市
440982118,广东省茂名市化州市江湖镇@,gdszqsgyqhdz,525100,本省其他市
440983000,广东省茂名市信宜市@,gdszqsgyqjtz,525300,本省其他市
440983001,广东省茂名市信宜市东镇街道@,gdszqsgyqhlz,525300,本省其他市
440983101,广东省茂名市信宜市镇隆镇@,gdszqsgyqbtz,525300,本省其他市
440983102,广东省茂名市信宜市水口镇@,gdszqsgyqjdz,525300,本省其他市
440983103,广东省茂名市信宜市北界镇@,gdszqsgyqjlz,525300,本省其他市
440983105,广东省茂名市信宜市丁堡镇@,gdszqsgyqxgz,525300,本省其他市
440983106,广东省茂名市信宜市池洞镇@,gdszqsgnx,525300,本省其他市
440983107,广东省茂名市信宜市金垌镇@,gdszqsgnxpsz,525300,本省其他市
440983109,广东省茂名市信宜市朱砂镇@,gdszqsgnxtbz,525300,本省其他市
440983112,广东省茂名市信宜市贵子镇@,gdszqsgnxjtz,525300,本省其他市
440983113,广东省茂名市信宜市怀乡镇@,gdszqsgnxlgz,525300,本省其他市
440983114,广东省茂名市信宜市茶山镇@,gdszqsgnxbsz,525300,本省其他市
440983115,广东省茂名市信宜市洪冠镇@,gdszqsgnxkkz,525300,本省其他市
440983116,广东省茂名市信宜市白石镇@,gdszqsgnxckz,525300,本省其他市
440983117,广东省茂名市信宜市大成镇@,gdszqsgnxnjz,525300,本省其他市
440983118,广东省茂名市信宜市钱排镇@,gdszqsgnxbhz,525300,本省其他市
440983119,广东省茂名市信宜市合水镇@,gdszqsgnxwhz,525300,本省其他市
440983120,广东省茂名市信宜市新宝镇@,gdszqsgnxhsz,525300,本省其他市
440983121,广东省茂名市信宜市平塘镇@,gdszqsgnxmgz,525300,本省其他市
440983122,广东省茂名市信宜市思贺镇@,gdszqsgnxsjz,525300,本省其他市
441202000,广东省肇庆市端州区@,gdszqsgnxgsz,526060,本省其他市
441202001,广东省肇庆市端州区城东街道@,gdszqsgnxzzz,526060,本省其他市
441202003,广东省肇庆市端州区城西街道@,gdszqshjx,526060,本省其他市
441202005,广东省肇庆市端州区黄岗街道@,gdszqshjxhcz,526060,本省其他市
441202006,广东省肇庆市端州区睦岗街道@,gdszqshjxzgz,526060,本省其他市
441203000,广东省肇庆市鼎湖区@,gdszqshjxazz,526070,本省其他市
441203001,广东省肇庆市鼎湖区坑口街道@,gdszqshjxwlz,526070,本省其他市
441203002,广东省肇庆市鼎湖区桂城街道@,gdszqshjxgsz,526070,本省其他市
441203003,广东省肇庆市鼎湖区广利街道@,gdszqshjxfgz,526070,本省其他市
441203101,广东省肇庆市鼎湖区永安镇@,gdszqshjxqsz,526070,本省其他市
441203102,广东省肇庆市鼎湖区沙浦镇@,gdszqshjxlcz,526070,本省其他市
441203103,广东省肇庆市鼎湖区凤凰镇@,gdszqshjxdgz,526070,本省其他市
441203104,广东省肇庆市鼎湖区莲花镇@,gdszqshjxgpz,526070,本省其他市
441204000,广东省肇庆市高要区@,gdszqshjxlkz,526100,本省其他市
441204001,广东省肇庆市高要区南岸街道@,gdszqshjxmnz,526100,本省其他市
441204100,广东省肇庆市高要区河台镇@,gdszqshjxlzz,526100,本省其他市
441204101,广东省肇庆市高要区乐城镇@,gdszqshjxygz,526100,本省其他市
441204102,广东省肇庆市高要区水南镇@,gdszqshjxsdz,526100,本省其他市
441204103,广东省肇庆市高要区禄步镇@,gdszqshjxqtz,526100,本省其他市
441204104,广东省肇庆市高要区小湘镇@,gdszqshjxzzz,526100,本省其他市
441204105,广东省肇庆市高要区大湾镇@,gdszqshjxlmz,526100,本省其他市
441204106,广东省肇庆市高要区新桥镇@,gdszqshjxxszzyzx,526100,本省其他市
441204107,广东省肇庆市高要区白诸镇@,gdszqsfkx,526100,本省其他市
441204108,广东省肇庆市高要区莲塘镇@,gdszqsfkxjkz,526100,本省其他市
441204109,广东省肇庆市高要区活道镇@,gdszqsfkxjcz,526100,本省其他市
441204110,广东省肇庆市高要区蛟塘镇@,gdszqsfkxbgz,526100,本省其他市
441204111,广东省肇庆市高要区回龙镇@,gdszqsfkxdzz,526100,本省其他市
441204112,广东省肇庆市高要区白土镇@,gdszqsfkxylz,526100,本省其他市
441204113,广东省肇庆市高要区金渡镇@,gdszqsfkxhekz,526100,本省其他市
441204114,广东省肇庆市高要区金利镇@,gdszqsfkxldz,526100,本省其他市
441204115,广东省肇庆市高要区蚬岗镇@,gdszqsfkxxhz,526100,本省其他市
441223000,广东省肇庆市广宁县@,gdszqsfkxldz,526300,本省其他市
441223100,广东省肇庆市广宁县排沙镇@,gdszqsfkxzgz,526300,本省其他市
441223102,广东省肇庆市广宁县潭布镇@,gdszqsfkxpfz,526300,本省其他市
441223103,广东省肇庆市广宁县江屯镇@,gdszqsfkxnfz,526300,本省其他市
441223105,广东省肇庆市广宁县螺岗镇@,gdszqsfkxdykz,526300,本省其他市
441223106,广东省肇庆市广宁县北市镇@,gdszqsfkxdpz,526300,本省其他市
441223107,广东省肇庆市广宁县坑口镇@,gdszqsfkxjzz,526300,本省其他市
441223108,广东省肇庆市广宁县赤坑镇@,gdszqsfkxzaz,526300,本省其他市
441223109,广东省肇庆市广宁县南街镇@,gdszqsdqx,526300,本省其他市
441223110,广东省肇庆市广宁县宾亨镇@,gdszqsdqxdcjd,526300,本省其他市
441223111,广东省肇庆市广宁县五和镇@,gdszqsdqxxwz,526300,本省其他市
441223112,广东省肇庆市广宁县横山镇@,gdszqsdqxhlz,526300,本省其他市
441223113,广东省肇庆市广宁县木格镇@,gdszqsdqxgwz,526300,本省其他市
441223114,广东省肇庆市广宁县石咀镇@,gdszqsdqxmwz,526300,本省其他市
441223115,广东省肇庆市广宁县古水镇@,gdszqsdqxglz,526300,本省其他市
441223116,广东省肇庆市广宁县洲仔镇@,gdszqsdqxmcz,526300,本省其他市
441224000,广东省肇庆市怀集县@,gdszqsdqxyfz,526400,本省其他市
441224100,广东省肇庆市怀集县怀城镇@,gdszqsdqxwlz,526400,本省其他市
441224101,广东省肇庆市怀集县闸岗镇@,gdszqsdqxbzz,526400,本省其他市
441224102,广东省肇庆市怀集县坳仔镇@,gdszqsdqxfcz,526400,本省其他市
441224103,广东省肇庆市怀集县汶朗镇@,gdszqsdqxycz,526400,本省其他市
441224104,广东省肇庆市怀集县甘洒镇@,gdszqsdqxjsz,526400,本省其他市
441224105,广东省肇庆市怀集县凤岗镇@,gdszqsshs,526400,本省其他市
441224106,广东省肇庆市怀集县洽水镇@,gdszqsshsczjd,526400,本省其他市
441224107,广东省肇庆市怀集县梁村镇@,gdszqsshsdcjd,526400,本省其他市
441224108,广东省肇庆市怀集县大岗镇@,gdszqsshszsjd,526400,本省其他市
441224109,广东省肇庆市怀集县岗坪镇@,gdszqsshslfz,526400,本省其他市
441224110,广东省肇庆市怀集县冷坑镇@,gdszqsshsddz,526400,本省其他市
441224111,广东省肇庆市怀集县马宁镇@,gdszqsshswzz,526400,本省其他市
441224112,广东省肇庆市怀集县蓝钟镇@,gdszqsshslyz,526400,本省其他市
441224113,广东省肇庆市怀集县永固镇@,gdszqsshsjkz,526400,本省其他市
441224114,广东省肇庆市怀集县诗洞镇@,gdszqsshsdsz,526400,本省其他市
441224115,广东省肇庆市怀集县桥头镇@,gdszqsshssgz,526400,本省其他市
441224116,广东省肇庆市怀集县中洲镇@,gdszqsshshtz,526400,本省其他市
441224118,广东省肇庆市怀集县连麦镇@,gdszqsshsjgz,526400,本省其他市
441224200,广东省肇庆市怀集县下帅壮族瑶族乡@,gdszqsshsxmz,526400,本省其他市
441225000,广东省肇庆市封开县@,gdshzshcq,526500,本省其他市
441225100,广东省肇庆市封开县江口镇@,gdshzshcqqdjd,526500,本省其他市
441225101,广东省肇庆市封开县江川镇@,gdshzshcqqxjd,526500,本省其他市
441225102,广东省肇庆市封开县白垢镇@,gdshzshcqjnjd,526500,本省其他市
441225103,广东省肇庆市封开县大洲镇@,gdshzshcqjbjd,526500,本省其他市
441225104,广东省肇庆市封开县渔涝镇@,gdshzshcqlfjd,526500,本省其他市
441225105,广东省肇庆市封开县河儿口镇@,gdshzshcqxjkjd,526500,本省其他市
441225106,广东省肇庆市封开县莲都镇@,gdshzshcqhnajd,526500,本省其他市
441225107,广东省肇庆市封开县杏花镇@,gdshzshcqskjd,526500,本省其他市
441225108,广东省肇庆市封开县罗董镇@,gdshzshcqrhz,526500,本省其他市
441225109,广东省肇庆市封开县长岗镇@,gdshzshcqsdz,526500,本省其他市
441225110,广东省肇庆市封开县平凤镇@,gdshzshcqmaz,526500,本省其他市
441225111,广东省肇庆市封开县南丰镇@,gdshzshcqhlz,526500,本省其他市
441225112,广东省肇庆市封开县大玉口镇@,gdshzshcqlzz,526500,本省其他市
441225113,广东省肇庆市封开县都平镇@,gdshzshyq,526500,本省其他市
441225114,广东省肇庆市封开县金装镇@,gdshzshyqdsjd,526500,本省其他市
441225115,广东省肇庆市封开县长安镇@,gdshzshyqqzjd,526500,本省其他市
441226000,广东省肇庆市德庆县@,gdshzshyqshjd,526600,本省其他市
441226001,广东省肇庆市德庆县德城街道@,gdshzshyqstz,526600,本省其他市
441226101,广东省肇庆市德庆县新圩镇@,gdshzshyqxwz,526600,本省其他市
441226102,广东省肇庆市德庆县回龙镇@,gdshzshyqzlz,526600,本省其他市
441226103,广东省肇庆市德庆县官圩镇@,gdshzshyqyhz,526600,本省其他市
441226105,广东省肇庆市德庆县马圩镇@,gdshzshyqljz,526600,本省其他市
441226106,广东省肇庆市德庆县高良镇@,gdshzshyqptz,526600,本省其他市
441226107,广东省肇庆市德庆县莫村镇@,gdshzsblx,526600,本省其他市
441226109,广东省肇庆市德庆县永丰镇@,gdshzsblxlyjd,526600,本省其他市
441226110,广东省肇庆市德庆县武垄镇@,gdshzsblxlxjd,526600,本省其他市
441226111,广东省肇庆市德庆县播植镇@,gdshzsblxsbz,526600,本省其他市
441226112,广东省肇庆市德庆县凤村镇@,gdshzsblxmpz,526600,本省其他市
441226113,广东省肇庆市德庆县悦城镇@,gdshzsblxgygz,526600,本省其他市
441226114,广东省肇庆市德庆县九市镇@,gdshzsblxgzz,526600,本省其他市
441284000,广东省肇庆市四会市@,gdshzsblxycz,526200,本省其他市
441284001,广东省肇庆市四会市城中街道@,gdshzsblxbtz,526200,本省其他市
441284002,广东省肇庆市四会市东城街道@,gdshzsblxtmz,526200,本省其他市
441284003,广东省肇庆市四会市贞山街道@,gdshzsblxhzz,526200,本省其他市
441284100,广东省肇庆市四会市龙甫镇@,gdshzsblxznz,526200,本省其他市
441284101,广东省肇庆市四会市地豆镇@,gdshzsblxftz,526200,本省其他市
441284102,广东省肇庆市四会市威整镇@,gdshzsblxlhz,526200,本省其他市
441284103,广东省肇庆市四会市罗源镇@,gdshzsblxyzz,526200,本省其他市
441284104,广东省肇庆市四会市迳口镇@,gdshzsblxswz,526200,本省其他市
441284105,广东省肇庆市四会市大沙镇@,gdshzsblxyqz,526200,本省其他市
441284107,广东省肇庆市四会市石狗镇@,gdshzsblxhhz,526200,本省其他市
441284108,广东省肇庆市四会市黄田镇@,gdshzshdx,526200,本省其他市
441284110,广东省肇庆市四会市江谷镇@,gdshzshdxpsjd,526200,本省其他市
441284113,广东省肇庆市四会市下茆镇@,gdshzshdxdljd,526200,本省其他市
441302000,广东省惠州市惠城区@,gdshzshdxbhz,516000,本省其他市
441302001,广东省惠州市惠城区桥东街道@,gdshzshdxlhz,516000,本省其他市
441302002,广东省惠州市惠城区桥西街道@,gdshzshdxrsz,516000,本省其他市
441302003,广东省惠州市惠城区江南街道@,gdshzshdxtyz,516000,本省其他市
441302004,广东省惠州市惠城区江北街道@,gdshzshdxphz,516000,本省其他市
441302005,广东省惠州市惠城区龙丰街道@,gdshzshdxjlz,516000,本省其他市
441302006,广东省惠州市惠城区小金口街道@,gdshzshdxdzz,516000,本省其他市
441302008,广东省惠州市惠城区河南岸街道@,gdshzshdxadz,516000,本省其他市
441302010,广东省惠州市惠城区水口街道@,gdshzshdxgtz,516000,本省其他市
441302100,广东省惠州市惠城区汝湖镇@,gdshzshdxbkz,516000,本省其他市
441302103,广东省惠州市惠城区三栋镇@,gdshzshdxbpzz,516000,本省其他市
441302108,广东省惠州市惠城区马安镇@,gdshzshdxhbz,516000,本省其他市
441302110,广东省惠州市惠城区横沥镇@,gdshzslmx,516000,本省其他市
441302113,广东省惠州市惠城区芦洲镇@,gdshzslmxlcjd,516000,本省其他市
441303000,广东省惠州市惠阳区@,gdshzslmxpljd,516200,本省其他市
441303001,广东省惠州市惠阳区淡水街道@,gdshzslmxmzz,516200,本省其他市
441303002,广东省惠州市惠阳区秋长街道@,gdshzslmxyhz,516200,本省其他市
441303003,广东省惠州市惠阳区三和街道@,gdshzslmxlhz,516200,本省其他市
441303101,广东省惠州市惠阳区沙田镇@,gdshzslmxljz,516200,本省其他市
441303103,广东省惠州市惠阳区新圩镇@,gdshzslmxltz,516200,本省其他市
441303104,广东省惠州市惠阳区镇隆镇@,gdshzslmxltz,516200,本省其他市
441303108,广东省惠州市惠阳区永湖镇@,gdshzslmxdpz,516200,本省其他市
441303109,广东省惠州市惠阳区良井镇@,gdshzslmxltyzx,516200,本省其他市
441303110,广东省惠州市惠阳区平潭镇@,gdsmzsmjq,516200,本省其他市
441322000,广东省惠州市博罗县@,gdsmzsmjqjnjd,516100,本省其他市
441322001,广东省惠州市博罗县罗阳街道@,gdsmzsmjqjsjd,516100,本省其他市
441322002,广东省惠州市博罗县龙溪街道@,gdsmzsmjqxjjd,516100,本省其他市
441322100,广东省惠州市博罗县石坝镇@,gdsmzsmjqsjz,516100,本省其他市
441322102,广东省惠州市博罗县麻陂镇@,gdsmzsmjqzsz,516100,本省其他市
441322103,广东省惠州市博罗县观音阁镇@,gdsmzsmjqcbz,516100,本省其他市
441322104,广东省惠州市博罗县公庄镇@,gdsmzsmjqxyz,516100,本省其他市
441322105,广东省惠州市博罗县杨村镇@,gdsmzsmxq,516100,本省其他市
441322106,广东省惠州市博罗县柏塘镇@,gdsmzsmxqskz,516100,本省其他市
441322108,广东省惠州市博罗县泰美镇@,gdsmzsmxqcdz,516100,本省其他市
441322113,广东省惠州市博罗县湖镇镇@,gdsmzsmxqssz,516100,本省其他市
441322115,广东省惠州市博罗县长宁镇@,gdsmzsmxqmxz,516100,本省其他市
441322116,广东省惠州市博罗县福田镇@,gdsmzsmxqdpz,516100,本省其他市
441322117,广东省惠州市博罗县龙华镇@,gdsmzsmxqskz,516100,本省其他市
441322119,广东省惠州市博罗县园洲镇@,gdsmzsmxqnkz,516100,本省其他市
441322121,广东省惠州市博罗县石湾镇@,gdsmzsmxqsjz,516100,本省其他市
441322122,广东省惠州市博罗县杨侨镇@,gdsmzsmxqscz,516100,本省其他市
441322123,广东省惠州市博罗县横河镇@,gdsmzsmxqmnz,516100,本省其他市
441323000,广东省惠州市惠东县@,gdsmzsmxqbcz,516300,本省其他市
441323001,广东省惠州市惠东县平山街道@,gdsmzsmxqyyz,516300,本省其他市
441323002,广东省惠州市惠东县大岭街道@,gdsmzsmxqbdz,516300,本省其他市
441323102,广东省惠州市惠东县白花镇@,gdsmzsmxqsyz,516300,本省其他市
441323103,广东省惠州市惠东县梁化镇@,gdsmzsmxqlwz,516300,本省其他市
441323104,广东省惠州市惠东县稔山镇@,gdsmzsmxqtyz,516300,本省其他市
441323105,广东省惠州市惠东县铁涌镇@,gdsmzsmxqcjz,516300,本省其他市
441323106,广东省惠州市惠东县平海镇@,gdsmzsdpx,516300,本省其他市
441323109,广东省惠州市惠东县吉隆镇@,gdsmzsdpxhlz,516300,本省其他市
441323113,广东省惠州市惠东县多祝镇@,gdsmzsdpxcyz,516300,本省其他市
441323115,广东省惠州市惠东县安墩镇@,gdsmzsdpxgpz,516300,本省其他市
441323118,广东省惠州市惠东县高潭镇@,gdsmzsdpxqxz,516300,本省其他市
441323120,广东省惠州市惠东县宝口镇@,gdsmzsdpxshz,516300,本省其他市
441323121,广东省惠州市惠东县白盆珠镇@,gdsmzsdpxdmz,516300,本省其他市
441323124,广东省惠州市惠东县黄埠镇@,gdsmzsdpxyjz,516300,本省其他市
441324000,广东省惠州市龙门县@,gdsmzsdpxzrz,516800,本省其他市
441324001,广东省惠州市龙门县龙城街道@,gdsmzsdpxgdz,516800,本省其他市
441324002,广东省惠州市龙门县平陵街道@,gdsmzsdpxtyz,516800,本省其他市
441324100,广东省惠州市龙门县麻榨镇@,gdsmzsdpxflz,516800,本省其他市
441324101,广东省惠州市龙门县永汉镇@,gdsmzsdpxbhz,516800,本省其他市
441324103,广东省惠州市龙门县龙华镇@,gdsmzsdpxddz,516800,本省其他市
441324105,广东省惠州市龙门县龙江镇@,gdsmzsdpxxhz,516800,本省其他市
441324107,广东省惠州市龙门县龙田镇@,gdsmzsfsx,516800,本省其他市
441324109,广东省惠州市龙门县龙潭镇@,gdsmzsfsxtkz,516800,本省其他市
441324110,广东省惠州市龙门县地派镇@,gdsmzsfsxbdz,516800,本省其他市
441324200,广东省惠州市龙门县蓝田瑶族乡@,gdsmzsfsxtxz,516800,本省其他市
441402000,广东省梅州市梅江区@,gdsmzsfsxtnz,514000,本省其他市
441402004,广东省梅州市梅江区江南街道@,gdsmzsfsxpzz,514000,本省其他市
441402006,广东省梅州市梅江区金山街道@,gdsmzsfsxbxsz,514000,本省其他市
441402007,广东省梅州市梅江区西郊街道@,gdsmzsfsxflz,514000,本省其他市
441402102,广东省梅州市梅江区三角镇@,gdsmzsfsxjqz,514000,本省其他市
441402103,广东省梅州市梅江区长沙镇@,gdsmzsfsxlgz,514000,本省其他市
441402105,广东省梅州市梅江区城北镇@,gdsmzsfsxptz,514000,本省其他市
441402106,广东省梅州市梅江区西阳镇@,gdsmzsfsxhjz,514000,本省其他市
441403000,广东省梅州市梅县区@,gdsmzsfsxlhz,514700,本省其他市
441403100,广东省梅州市梅县区松口镇@,gdsmzsfsxdlhz,514700,本省其他市
441403101,广东省梅州市梅县区城东镇@,gdsmzsfsxtjz,514700,本省其他市
441403102,广东省梅州市梅县区石扇镇@,gdsmzsfsxxsz,514700,本省其他市
441403103,广东省梅州市梅县区梅西镇@,gdsmzsfsxstz,514700,本省其他市
441403104,广东省梅州市梅县区大坪镇@,gdsmzswhx,514700,本省其他市
441403105,广东省梅州市梅县区石坑镇@,gdsmzswhxszz,514700,本省其他市
441403106,广东省梅州市梅县区南口镇@,gdsmzswhxhdz,514700,本省其他市
441403107,广东省梅州市梅县区畲江镇@,gdsmzswhxzsz,514700,本省其他市
441403108,广东省梅州市梅县区水车镇@,gdsmzswhxhcz,514700,本省其他市
441403109,广东省梅州市梅县区梅南镇@,gdsmzswhxqlz,514700,本省其他市
441403110,广东省梅州市梅县区丙村镇@,gdsmzswhxtxz,514700,本省其他市
441403111,广东省梅州市梅县区雁洋镇@,gdsmzswhxzbz,514700,本省其他市
441403112,广东省梅州市梅县区白渡镇@,gdsmzswhxzjz,514700,本省其他市
441403113,广东省梅州市梅县区松源镇@,gdsmzswhxhpz,514700,本省其他市
441403114,广东省梅州市梅县区隆文镇@,gdsmzswhxgtz,514700,本省其他市
441403115,广东省梅州市梅县区桃尧镇@,gdsmzswhxshz,514700,本省其他市
441403116,广东省梅州市梅县区程江镇@,gdsmzswhxalz,514700,本省其他市
441422000,广东省梅州市大埔县@,gdsmzswhxmyz,514200,本省其他市
441422100,广东省梅州市大埔县湖寮镇@,gdsmzswhxmlz,514200,本省其他市
441422101,广东省梅州市大埔县茶阳镇@,gdsmzswhxhyz,514200,本省其他市
441422102,广东省梅州市大埔县高陂镇@,gdsmzswhxlcz,514200,本省其他市
441422103,广东省梅州市大埔县青溪镇@,gdsmzspyx,514200,本省其他市
441422105,广东省梅州市大埔县三河镇@,gdsmzspyxdzz,514200,本省其他市
441422107,广东省梅州市大埔县大麻镇@,gdsmzspyxszz,514200,本省其他市
441422108,广东省梅州市大埔县银江镇@,gdsmzspyxdsz,514200,本省其他市
441422109,广东省梅州市大埔县洲瑞镇@,gdsmzspyxrjz,514200,本省其他市
441422112,广东省梅州市大埔县光德镇@,gdsmzspyxbcz,514200,本省其他市
441422113,广东省梅州市大埔县桃源镇@,gdsmzspyxcgz,514200,本省其他市
441422114,广东省梅州市大埔县枫朗镇@,gdsmzspyxhtz,514200,本省其他市
441422116,广东省梅州市大埔县百侯镇@,gdsmzspyxzxz,514200,本省其他市
441422117,广东省梅州市大埔县大东镇@,gdsmzspyxsjz,514200,本省其他市
441422118,广东省梅州市大埔县西河镇@,gdsmzspyxssz,514200,本省其他市
441423000,广东省梅州市丰顺县@,gdsmzspyxztz,514300,本省其他市
441423100,广东省梅州市丰顺县汤坑镇@,gdsmzspyxrzz,514300,本省其他市
441423103,广东省梅州市丰顺县北斗镇@,gdsmzsjlx,514300,本省其他市
441423104,广东省梅州市丰顺县汤西镇@,gdsmzsjlxjcz,514300,本省其他市
441423105,广东省梅州市丰顺县汤南镇@,gdsmzsjlxztz,514300,本省其他市
441423106,广东省梅州市丰顺县埔寨镇@,gdsmzsjlxszz,514300,本省其他市
441423108,广东省梅州市丰顺县八乡山镇@,gdsmzsjlxxpz,514300,本省其他市
441423109,广东省梅州市丰顺县丰良镇@,gdsmzsjlxwfz,514300,本省其他市
441423110,广东省梅州市丰顺县建桥镇@,gdsmzsjlxgfz,514300,本省其他市
441423111,广东省梅州市丰顺县龙岗镇@,gdsmzsjlxlfz,514300,本省其他市
441423112,广东省梅州市丰顺县潘田镇@,gdsmzsjlxncz,514300,本省其他市
441423114,广东省梅州市丰顺县黄金镇@,gdsmzsxns,514300,本省其他市
441423115,广东省梅州市丰顺县留隍镇@,gdsmzsxnsfxjd,514300,本省其他市
441423118,广东省梅州市丰顺县大龙华镇@,gdsmzsxnsxtjd,514300,本省其他市
441423120,广东省梅州市丰顺县潭江镇@,gdsmzsxnsnxjd,514300,本省其他市
441423122,广东省梅州市丰顺县小胜镇@,gdsmzsxnsnzz,514300,本省其他市
441423123,广东省梅州市丰顺县砂田镇@,gdsmzsxnsxpz,514300,本省其他市
441424000,广东省梅州市五华县@,gdsmzsxnsdfz,514400,本省其他市
441424100,广东省梅州市五华县水寨镇@,gdsmzsxnsyhz,514400,本省其他市
441424101,广东省梅州市五华县河东镇@,gdsmzsxnsjnz,514400,本省其他市
441424103,广东省梅州市五华县转水镇@,gdsmzsxnsnpz,514400,本省其他市
441424104,广东省梅州市五华县华城镇@,gdsmzsxnsxwz,514400,本省其他市
441424106,广东省梅州市五华县岐岭镇@,gdsmzsxnsskz,514400,本省其他市
441424108,广东省梅州市五华县潭下镇@,gdsmzsxnslfz,514400,本省其他市
441424109,广东省梅州市五华县长布镇@,gdsmzsxnslgz,514400,本省其他市
441424111,广东省梅州市五华县周江镇@,gdsmzsxnshhz,514400,本省其他市
441424113,广东省梅州市五华县横陂镇@,gdsmzsxnshpz,514400,本省其他市
441424117,广东省梅州市五华县郭田镇@,gdsmzsxnshsz,514400,本省其他市
441424118,广东省梅州市五华县双华镇@,gdsmzsxnsltz,514400,本省其他市
441424120,广东省梅州市五华县安流镇@,gdsmzsxnssmz,514400,本省其他市
441424123,广东省梅州市五华县棉洋镇@,gdsmzsxnsdpz,514400,本省其他市
441424125,广东省梅州市五华县梅林镇@,gdsmzsxnsytz,514400,本省其他市
441424126,广东省梅州市五华县华阳镇@,gdsswscq,514400,本省其他市
441424127,广东省梅州市五华县龙村镇@,gdsswscqxgjd,514400,本省其他市
441426000,广东省梅州市平远县@,gdsswscqxzjd,514600,本省其他市
441426100,广东省梅州市平远县大柘镇@,gdsswscqfsjd,514600,本省其他市
441426101,广东省梅州市平远县石正镇@,gdsswscqtqjd,514600,本省其他市
441426102,广东省梅州市平远县东石镇@,gdsswscqdzjd,514600,本省其他市
441426103,广东省梅州市平远县仁居镇@,gdsswscqzljd,514600,本省其他市
441426104,广东省梅州市平远县八尺镇@,gdsswscqmgjd,514600,本省其他市
441426105,广东省梅州市平远县差干镇@,gdsswscqhcz,514600,本省其他市
441426107,广东省梅州市平远县河头镇@,gdsswscqdyz,514600,本省其他市
441426108,广东省梅州市平远县中行镇@,gdsswscqjsz,514600,本省其他市
441426109,广东省梅州市平远县上举镇@,gdsswshfx,514600,本省其他市
441426110,广东省梅州市平远县泗水镇@,gdsswshfxhcz,514600,本省其他市
441426114,广东省梅州市平远县长田镇@,gdsswshfxmlz,514600,本省其他市
441426115,广东省梅州市平远县热柘镇@,gdsswshfxxmz,514600,本省其他市
441427000,广东省梅州市蕉岭县@,gdsswshfxebz,514100,本省其他市
441427100,广东省梅州市蕉岭县蕉城镇@,gdsswshfxcsz,514100,本省其他市
441427102,广东省梅州市蕉岭县长潭镇@,gdsswshfxhmz,514100,本省其他市
441427103,广东省梅州市蕉岭县三圳镇@,gdsswshfxlaz,514100,本省其他市
441427104,广东省梅州市蕉岭县新铺镇@,gdsswshfxthz,514100,本省其他市
441427106,广东省梅州市蕉岭县文福镇@,gdsswshfxckz,514100,本省其他市
441427107,广东省梅州市蕉岭县广福镇@,gdsswshfxdhz,514100,本省其他市
441427108,广东省梅州市蕉岭县蓝坊镇@,gdsswshfxktz,514100,本省其他市
441427110,广东省梅州市蕉岭县南礤镇@,gdsswshfxgpz,514100,本省其他市
441481000,广东省梅州市兴宁市@,gdsswshfxhqz,514500,本省其他市
441481001,广东省梅州市兴宁市福兴街道@,gdsswshfxpdz,514500,本省其他市
441481002,广东省梅州市兴宁市兴田街道@,gdsswshfxfcz,514500,本省其他市
441481003,广东省梅州市兴宁市宁新街道@,gdsswshfxcdz,514500,本省其他市
441481102,广东省梅州市兴宁市宁中镇@,gdsswslhx,514500,本省其他市
441481104,广东省梅州市兴宁市新陂镇@,gdsswslhxhtz,514500,本省其他市
441481105,广东省梅州市兴宁市刁坊镇@,gdsswslhxscz,514500,本省其他市
441481107,广东省梅州市兴宁市永和镇@,gdsswslhxhkz,514500,本省其他市
441481108,广东省梅州市兴宁市径南镇@,gdsswslhxxtz,514500,本省其他市
441481110,广东省梅州市兴宁市坭陂镇@,gdsswslhxshz,514500,本省其他市
441481111,广东省梅州市兴宁市新圩镇@,gdsswslhxlxz,514500,本省其他市
441481112,广东省梅州市兴宁市水口镇@,gdsswslhxdkz,514500,本省其他市
441481115,广东省梅州市兴宁市罗浮镇@,gdsswslhxnwz,514500,本省其他市
441481116,广东省梅州市兴宁市罗岗镇@,gdsswslfs,514500,本省其他市
441481117,广东省梅州市兴宁市黄槐镇@,gdsswslfsdhjd,514500,本省其他市
441481118,广东省梅州市兴宁市黄陂镇@,gdsswslfscdjd,514500,本省其他市
441481122,广东省梅州市兴宁市合水镇@,gdsswslfshxjd,514500,本省其他市
441481123,广东省梅州市兴宁市龙田镇@,gdsswslfsjzz,514500,本省其他市
441481124,广东省梅州市兴宁市石马镇@,gdsswslfsjsz,514500,本省其他市
441481125,广东省梅州市兴宁市大坪镇@,gdsswslfshdz,514500,本省其他市
441481126,广东省梅州市兴宁市叶塘镇@,gdsswslfsdaz,514500,本省其他市
441502000,广东省汕尾市城区@,gdsswslfsbmz,516600,本省其他市
441502001,广东省汕尾市城区新港街道@,gdsswslfsnhz,516600,本省其他市
441502002,广东省汕尾市城区香洲街道@,gdsswslfsntz,516600,本省其他市
441502003,广东省汕尾市城区凤山街道@,gdsswslfspyz,516600,本省其他市
441502004,广东省汕尾市城区田墘街道@,gdsswslfsbwz,516600,本省其他市
441502005,广东省汕尾市城区东洲街道@,gdsswslfsjxz,516600,本省其他市
441502006,广东省汕尾市城区遮浪街道@,gdsswslfstxz,516600,本省其他市
441502007,广东省汕尾市城区马宫街道@,gdsswslfsjdz,516600,本省其他市
441502100,广东省汕尾市城区红草镇@,gdsswslfshdz,516600,本省其他市
441502102,广东省汕尾市城区东涌镇@,gdsswslfssyz,516600,本省其他市
441502103,广东省汕尾市城区捷胜镇@,gdsswslfsqcz,516600,本省其他市
441521000,广东省汕尾市海丰县@,gdsswslfsjxz,516400,本省其他市
441521100,广东省汕尾市海丰县海城镇@,gdsswslfsxnz,516400,本省其他市
441521101,广东省汕尾市海丰县梅陇镇@,gdshysycq,516400,本省其他市
441521102,广东省汕尾市海丰县小漠镇@,gdshysycqscjd,516400,本省其他市
441521103,广东省汕尾市海丰县鹅埠镇@,gdshysycqxjjd,516400,本省其他市
441521104,广东省汕尾市海丰县赤石镇@,gdshysycqdpjd,516400,本省其他市
441521105,广东省汕尾市海丰县鲘门镇@,gdshysycqyxjd,516400,本省其他市
441521106,广东省汕尾市海丰县联安镇@,gdshysycqgpgjd,516400,本省其他市
441521107,广东省汕尾市海丰县陶河镇@,gdshysycqynz,516400,本省其他市
441521108,广东省汕尾市海丰县赤坑镇@,gdshysycqpqz,516400,本省其他市
441521109,广东省汕尾市海丰县大湖镇@,gdshyszjx,516400,本省其他市
441521110,广东省汕尾市海丰县可塘镇@,gdshyszjxzcz,516400,本省其他市
441521111,广东省汕尾市海丰县公平镇@,gdshyszjxlwz,516400,本省其他市
441521112,广东省汕尾市海丰县黄羌镇@,gdshyszjxjhz,516400,本省其他市
441521113,广东省汕尾市海丰县平东镇@,gdshyszjxsyz,516400,本省其他市
441521114,广东省汕尾市海丰县附城镇@,gdshyszjxltz,516400,本省其他市
441521115,广东省汕尾市海丰县城东镇@,gdshyszjxfaz,516400,本省其他市
441523000,广东省汕尾市陆河县@,gdshyszjxyrz,516700,本省其他市
441523100,广东省汕尾市陆河县河田镇@,gdshyszjxbpz,516700,本省其他市
441523101,广东省汕尾市陆河县水唇镇@,gdshyszjxhtz,516700,本省其他市
441523102,广东省汕尾市陆河县河口镇@,gdshyszjxjzz,516700,本省其他市
441523103,广东省汕尾市陆河县新田镇@,gdshyszjxsdz,516700,本省其他市
441523104,广东省汕尾市陆河县上护镇@,gdshyszjxnlz,516700,本省其他市
441523105,广东省汕尾市陆河县螺溪镇@,gdshyszjxsqz,516700,本省其他市
441523106,广东省汕尾市陆河县东坑镇@,gdshyszjxwxz,516700,本省其他市
441523107,广东省汕尾市陆河县南万镇@,gdshyszjxhyz,516700,本省其他市
441581000,广东省汕尾市陆丰市@,gdshyszjxzbz,516500,本省其他市
441581001,广东省汕尾市陆丰市东海街道@,gdshyslcx,516500,本省其他市
441581002,广东省汕尾市陆丰市城东街道@,gdshyslcxllz,516500,本省其他市
441581003,广东省汕尾市陆丰市河西街道@,gdshyslcxydz,516500,本省其他市
441581101,广东省汕尾市陆丰市甲子镇@,gdshyslcxtcz,516500,本省其他市
441581102,广东省汕尾市陆丰市碣石镇@,gdshyslcxhsz,516500,本省其他市
441581103,广东省汕尾市陆丰市湖东镇@,gdshyslcxhbz,516500,本省其他市
441581104,广东省汕尾市陆丰市大安镇@,gdshyslcxzsz,516500,本省其他市
441581105,广东省汕尾市陆丰市博美镇@,gdshyslcxtqz,516500,本省其他市
441581106,广东省汕尾市陆丰市内湖镇@,gdshyslcxdyz,516500,本省其他市
441581107,广东省汕尾市陆丰市南塘镇@,gdshyslcxfrz,516500,本省其他市
441581108,广东省汕尾市陆丰市陂洋镇@,gdshyslcxsdz,516500,本省其他市
441581109,广东省汕尾市陆丰市八万镇@,gdshyslcxtcz,516500,本省其他市
441581110,广东省汕尾市陆丰市金厢镇@,gdshyslcxlmz,516500,本省其他市
441581111,广东省汕尾市陆丰市潭西镇@,gdshyslcxtxz,516500,本省其他市
441581112,广东省汕尾市陆丰市甲东镇@,gdshyslcxljz,516500,本省其他市
441581115,广东省汕尾市陆丰市河东镇@,gdshyslcxhsz,516500,本省其他市
441581116,广东省汕尾市陆丰市上英镇@,gdshyslcxcgz,516500,本省其他市
441581117,广东省汕尾市陆丰市桥冲镇@,gdshyslcxhlz,516500,本省其他市
441581118,广东省汕尾市陆丰市甲西镇@,gdshyslcxxtz,516500,本省其他市
441581119,广东省汕尾市陆丰市西南镇@,gdshyslcxctz,516500,本省其他市
441602000,广东省河源市源城区@,gdshyslcxyzz,517000,本省其他市
441602001,广东省河源市源城区上城街道@,gdshyslcxmbgz,517000,本省其他市
441602002,广东省河源市源城区新江街道@,gdshyslcxblz,517000,本省其他市
441602003,广东省河源市源城区东埔街道@,gdshyslcxxaz,517000,本省其他市
441602004,广东省河源市源城区源西街道@,gdshyslcxspz,517000,本省其他市
441602005,广东省河源市源城区高埔岗街道@,gdshyslpx,517000,本省其他市
441602100,广东省河源市源城区源南镇@,gdshyslpxysz,517000,本省其他市
441602101,广东省河源市源城区埔前镇@,gdshyslpxspz,517000,本省其他市
441621000,广东省河源市紫金县@,gdshyslpxngz,517400,本省其他市
441621100,广东省河源市紫金县紫城镇@,gdshyslpxptz,517400,本省其他市
441621102,广东省河源市紫金县龙窝镇@,gdshyslpxxsz,517400,本省其他市
441621103,广东省河源市紫金县九和镇@,gdshyslpxljz,517400,本省其他市
441621104,广东省河源市紫金县上义镇@,gdshyslpxtyz,517400,本省其他市
441621105,广东省河源市紫金县蓝塘镇@,gdshyslpxyxz,517400,本省其他市
441621106,广东省河源市紫金县凤安镇@,gdshyslpxzxz,517400,本省其他市
441621107,广东省河源市紫金县义容镇@,gdshyslpxggz,517400,本省其他市
441621110,广东省河源市紫金县柏埔镇@,gdshyslpxdhz,517400,本省其他市
441621111,广东省河源市紫金县黄塘镇@,gdshyslpxsjz,517400,本省其他市
441621112,广东省河源市紫金县敬梓镇@,gdshyslpxxdz,517400,本省其他市
441621114,广东省河源市紫金县水墩镇@,gdshyshpx,517400,本省其他市
441621116,广东省河源市紫金县南岭镇@,gdshyshpxymz,517400,本省其他市
441621117,广东省河源市紫金县苏区镇@,gdshyshpxdbz,517400,本省其他市
441621119,广东省河源市紫金县瓦溪镇@,gdshyshpxztz,517400,本省其他市
441621120,广东省河源市紫金县好义镇@,gdshyshpxxcz,517400,本省其他市
441621122,广东省河源市紫金县中坝镇@,gdshyshpxslz,517400,本省其他市
441622000,广东省河源市龙川县@,gdshyshpxysz,517300,本省其他市
441622100,广东省河源市龙川县老隆镇@,gdshyshpxbdz,517300,本省其他市
441622102,广东省河源市龙川县义都镇@,gdshyshpxgzz,517300,本省其他市
441622103,广东省河源市龙川县佗城镇@,gdshyshpxpzz,517300,本省其他市
441622104,广东省河源市龙川县鹤市镇@,gdshyshpxhsz,517300,本省其他市
441622105,广东省河源市龙川县黄布镇@,gdshyshpxgbz,517300,本省其他市
441622106,广东省河源市龙川县紫市镇@,gdshyshpxqzz,517300,本省其他市
441622107,广东省河源市龙川县通衢镇@,gdshyshpxlyz,517300,本省其他市
441622109,广东省河源市龙川县登云镇@,gdshyshpxrsz,517300,本省其他市
441622110,广东省河源市龙川县丰稔镇@,gdshyshpxdsz,517300,本省其他市
441622111,广东省河源市龙川县四都镇@,gdshyshpxlsz,517300,本省其他市
441622112,广东省河源市龙川县铁场镇@,gdshyshpxlzz,517300,本省其他市
441622114,广东省河源市龙川县龙母镇@,gdshysdyx,517300,本省其他市
441622115,广东省河源市龙川县田心镇@,gdshysdyxxtz,517300,本省其他市
441622116,广东省河源市龙川县黎咀镇@,gdshysdyxdtz,517300,本省其他市
441622117,广东省河源市龙川县黄石镇@,gdshysdyxlhz,517300,本省其他市
441622118,广东省河源市龙川县赤光镇@,gdshysdyxctz,517300,本省其他市
441622119,广东省河源市龙川县逥龙镇@,gdshysdyxstz,517300,本省其他市
441622120,广东省河源市龙川县新田镇@,gdshysdyxsgz,517300,本省其他市
441622121,广东省河源市龙川县车田镇@,gdshysdyxctz,517300,本省其他市
441622123,广东省河源市龙川县岩镇镇@,gdshysdyxlcz,517300,本省其他市
441622124,广东省河源市龙川县麻布岗镇@,gdshysdyxyhz,517300,本省其他市
441622125,广东省河源市龙川县贝岭镇@,gdshysdyxlkz,517300,本省其他市
441622126,广东省河源市龙川县细坳镇@,gdshysdyxhtz,517300,本省其他市
441622127,广东省河源市龙川县上坪镇@,gdshysdyxytz,517300,本省其他市
441623000,广东省河源市连平县@,gdshysdyxhcz,517100,本省其他市
441623100,广东省河源市连平县元善镇@,gdshysdyxkhz,517100,本省其他市
441623101,广东省河源市连平县上坪镇@,gdshysdyxxcz,517100,本省其他市
441623102,广东省河源市连平县内莞镇@,gdshysdyxxgz,517100,本省其他市
441623104,广东省河源市连平县陂头镇@,gdshysdyxsjz,517100,本省其他市
441623105,广东省河源市连平县溪山镇@,gdshysdyxjtz,517100,本省其他市
441623107,广东省河源市连平县隆街镇@,gdshysdyxxhlz,517100,本省其他市
441623108,广东省河源市连平县田源镇@,gdshysdyxbjz,517100,本省其他市
441623109,广东省河源市连平县油溪镇@,gdshysdyxzxszx,517100,本省其他市
441623110,广东省河源市连平县忠信镇@,gdsyjsjcq,517100,本省其他市
441623111,广东省河源市连平县高莞镇@,gdsyjsjcqnejd,517100,本省其他市
441623113,广东省河源市连平县大湖镇@,gdsyjsjcqcnjd,517100,本省其他市
441623114,广东省河源市连平县三角镇@,gdsyjsjcqzzjd,517100,本省其他市
441623115,广东省河源市连平县绣缎镇@,gdsyjsjcqcdjd,517100,本省其他市
441624000,广东省河源市和平县@,gdsyjsjcqcbjd,517200,本省其他市
441624100,广东省河源市和平县阳明镇@,gdsyjsjcqbsjd,517200,本省其他市
441624102,广东省河源市和平县大坝镇@,gdsyjsjcqgljd,517200,本省其他市
441624103,广东省河源市和平县长塘镇@,gdsyjsjcqcxjd,517200,本省其他市
441624104,广东省河源市和平县下车镇@,gdsyjsjcqbcz,517200,本省其他市
441624105,广东省河源市和平县上陵镇@,gdsyjsjcqpgz,517200,本省其他市
441624106,广东省河源市和平县优胜镇@,gdsyjsjcqzpz,517200,本省其他市
441624107,广东省河源市和平县贝墩镇@,gdsyjsjcqsjz,517200,本省其他市
441624108,广东省河源市和平县古寨镇@,gdsyjsydq,517200,本省其他市
441624110,广东省河源市和平县彭寨镇@,gdsyjsydqdcz,517200,本省其他市
441624112,广东省河源市和平县合水镇@,gdsyjsydqbgz,517200,本省其他市
441624113,广东省河源市和平县公白镇@,gdsyjsydqnlz,517200,本省其他市
441624114,广东省河源市和平县青州镇@,gdsyjsydqdpz,517200,本省其他市
441624115,广东省河源市和平县浰源镇@,gdsyjsydqysz,517200,本省其他市
441624116,广东省河源市和平县热水镇@,gdsyjsydqdgz,517200,本省其他市
441624117,广东省河源市和平县东水镇@,gdsyjsydqxzz,517200,本省其他市
441624118,广东省河源市和平县礼士镇@,gdsyjsydqhsz,517200,本省其他市
441624119,广东省河源市和平县林寨镇@,gdsyjsydqtpz,517200,本省其他市
441625000,广东省河源市东源县@,gdsyjsydqdbz,517500,本省其他市
441625100,广东省河源市东源县仙塘镇@,gdsyjsydqhfz,517500,本省其他市
441625101,广东省河源市东源县灯塔镇@,gdsyjsyxx,517500,本省其他市
441625102,广东省河源市东源县骆湖镇@,gdsyjsyxxzgz,517500,本省其他市
441625103,广东省河源市东源县船塘镇@,gdsyjsyxxccz,517500,本省其他市
441625104,广东省河源市东源县顺天镇@,gdsyjsyxxtkz,517500,本省其他市
441625105,广东省河源市东源县上莞镇@,gdsyjsyxxsyz,517500,本省其他市
441625106,广东省河源市东源县曾田镇@,gdsyjsyxxxtz,517500,本省其他市
441625107,广东省河源市东源县柳城镇@,gdsyjsyxxrdz,517500,本省其他市
441625108,广东省河源市东源县义合镇@,gdsyjsyxxxwz,517500,本省其他市
441625109,广东省河源市东源县蓝口镇@,gdsyjsyxxsbz,517500,本省其他市
441625110,广东省河源市东源县黄田镇@,gdsyjsycs,517500,本省其他市
441625111,广东省河源市东源县叶潭镇@,gdsyjsycsccjd,517500,本省其他市
441625112,广东省河源市东源县黄村镇@,gdsyjsycshxjd,517500,本省其他市
441625113,广东省河源市东源县康禾镇@,gdsyjsycsh?z,517500,本省其他市
441625114,广东省河源市东源县锡场镇@,gdsyjsycssbz,517500,本省其他市
441625115,广东省河源市东源县新港镇@,gdsyjsycsswz,517500,本省其他市
441625116,广东省河源市东源县双江镇@,gdsyjsycscwz,517500,本省其他市
441625117,广东省河源市东源县涧头镇@,gdsyjsycshsz,517500,本省其他市
441625121,广东省河源市东源县新回龙镇@,gdsyjsycspmz,517500,本省其他市
441625122,广东省河源市东源县半江镇@,gdsyjsycsggz,517500,本省其他市
441625200,广东省河源市东源县漳溪畲族乡@,gdsyjsycsynz,517500,本省其他市
441702000,广东省阳江市江城区@,gdsyjsycsmsz,529500,本省其他市
441702001,广东省阳江市江城区南恩街道@,gdsyjsycsgmz,529500,本省其他市
441702002,广东省阳江市江城区城南街道@,gdsyjsycshkz,529500,本省其他市
441702005,广东省阳江市江城区中洲街道@,gdsyjsycstsz,529500,本省其他市
441702006,广东省阳江市江城区城东街道@,gdsyjsycssjz,529500,本省其他市
441702007,广东省阳江市江城区城北街道@,gdsyjsycssjz,529500,本省其他市
441702008,广东省阳江市江城区白沙街道@,gdsyjsycsbjz,529500,本省其他市
441702009,广东省阳江市江城区岗列街道@,gdsqysqcq,529500,本省其他市
441702010,广东省阳江市江城区城西街道@,gdsqysqcqfcjd,529500,本省其他市
441702102,广东省阳江市江城区埠场镇@,gdsqysqcqdcjd,529500,本省其他市
441702103,广东省阳江市江城区平冈镇@,gdsqysqcqzxjd,529500,本省其他市
441702105,广东省阳江市江城区闸坡镇@,gdsqysqcqhhjd,529500,本省其他市
441702106,广东省阳江市江城区双捷镇@,gdsqysqcqytz,529500,本省其他市
441704000,广东省阳江市阳东区@,gdsqysqcqltz,529931,本省其他市
441704100,广东省阳江市阳东区东城镇@,gdsqysqcqsjz,529931,本省其他市
441704101,广东省阳江市阳东区北惯镇@,gdsqysqcqflxz,529931,本省其他市
441704102,广东省阳江市阳东区那龙镇@,gdsqysqxq,529931,本省其他市
441704103,广东省阳江市阳东区东平镇@,gdsqysqxqthz,529931,本省其他市
441704104,广东省阳江市阳东区雅韶镇@,gdsqysqxqtpz,529931,本省其他市
441704105,广东省阳江市阳东区大沟镇@,gdsqysqxqstz,529931,本省其他市
441704106,广东省阳江市阳东区新洲镇@,gdsqysqxqskz,529931,本省其他市
441704107,广东省阳江市阳东区合山镇@,gdsqysqxqljz,529931,本省其他市
441704108,广东省阳江市阳东区塘坪镇@,gdsqysqxqhyz,529931,本省其他市
441704109,广东省阳江市阳东区大八镇@,gdsqysqxqjtz,529931,本省其他市
441704110,广东省阳江市阳东区红丰镇@,gdsqysqxqstz,529931,本省其他市
441721000,广东省阳江市阳西县@,gdsqysfgx,529800,本省其他市
441721100,广东省阳江市阳西县织篢镇@,gdsqysfgxsjz,529800,本省其他市
441721101,广东省阳江市阳西县程村镇@,gdsqysfgxstz,529800,本省其他市
441721102,广东省阳江市阳西县塘口镇@,gdsqysfgxttz,529800,本省其他市
441721103,广东省阳江市阳西县上洋镇@,gdsqysfgxlsz,529800,本省其他市
441721104,广东省阳江市阳西县溪头镇@,gdsqysfgxggz,529800,本省其他市
441721106,广东省阳江市阳西县儒洞镇@,gdsqysfgxjtz,529800,本省其他市
441721107,广东省阳江市阳西县新圩镇@,gdsqysysx,529800,本省其他市
441721108,广东省阳江市阳西县沙扒镇@,gdsqysysxqlz,529800,本省其他市
441781000,广东省阳江市阳春市@,gdsqysysxjyz,529600,本省其他市
441781001,广东省阳江市阳春市春城街道@,gdsqysysxdbz,529600,本省其他市
441781002,广东省阳江市阳春市河西街道@,gdsqysysxqgz,529600,本省其他市
441781101,广东省阳江市阳春市河塱镇@,gdsqysysxtpz,529600,本省其他市
441781102,广东省阳江市阳春市松柏镇@,gdsqysysxymz,529600,本省其他市
441781103,广东省阳江市阳春市石望镇@,gdsqysysxdlz,529600,本省其他市
441781105,广东省阳江市阳春市春湾镇@,gdsqysysxxjz,529600,本省其他市
441781106,广东省阳江市阳春市合水镇@,gdsqysysxlbz,529600,本省其他市
441781107,广东省阳江市阳春市陂面镇@,gdsqysysxhbz,529600,本省其他市
441781108,广东省阳江市阳春市圭岗镇@,gdsqysysxlbz,529600,本省其他市
441781109,广东省阳江市阳春市永宁镇@,gdsqysysxycz,529600,本省其他市
441781110,广东省阳江市阳春市马水镇@,gdsqysysxcjyzx,529600,本省其他市
441781111,广东省阳江市阳春市岗美镇@,gdsqyslszzyzzzx,529600,本省其他市
441781112,广东省阳江市阳春市河口镇@,gdsqyslszzyzzzxyhz,529600,本省其他市
441781113,广东省阳江市阳春市潭水镇@,gdsqyslszzyzzzxjtz,529600,本省其他市
441781114,广东省阳江市阳春市三甲镇@,gdsqyslszzyzzzxtbz,529600,本省其他市
441781116,广东省阳江市阳春市双窖镇@,gdsqyslszzyzzzxhdz,529600,本省其他市
441781117,广东省阳江市阳春市八甲镇@,gdsqyslszzyzzzxftz,529600,本省其他市
441802000,广东省清远市清城区@,gdsqyslszzyzzzxxsjz,511500,本省其他市
441802001,广东省清远市清城区凤城街道@,gdsqyslszzyzzzxssz,511500,本省其他市
441802002,广东省清远市清城区东城街道@,gdsqyslnyzzzx,511500,本省其他市
441802003,广东省清远市清城区洲心街道@,gdsqyslnyzzzxsjz,511500,本省其他市
441802004,广东省清远市清城区横荷街道@,gdsqyslnyzzzxdmsz,511500,本省其他市
441802100,广东省清远市清城区源潭镇@,gdsqyslnyzzzxzgz,511500,本省其他市
441802101,广东省清远市清城区龙塘镇@,gdsqyslnyzzzxspz,511500,本省其他市
441802102,广东省清远市清城区石角镇@,gdsqyslnyzzzxwsz,511500,本省其他市
441802103,广东省清远市清城区飞来峡镇@,gdsqyslnyzzzxdpz,511500,本省其他市
441803000,广东省清远市清新区@,gdsqyslnyzzzxxpz,511899,本省其他市
441803102,广东省清远市清新区太和镇@,gdsqysyds,511899,本省其他市
441803104,广东省清远市清新区太平镇@,gdsqysydsycjd,511899,本省其他市
441803105,广东省清远市清新区山塘镇@,gdsqysydsskz,511899,本省其他市
441803106,广东省清远市清新区三坑镇@,gdsqysydswbz,511899,本省其他市
441803112,广东省清远市清新区龙颈镇@,gdsqysydshssz,511899,本省其他市
441803113,广东省清远市清新区禾云镇@,gdsqysydsdhz,511899,本省其他市
441803117,广东省清远市清新区浸潭镇@,gdsqysydsqtz,511899,本省其他市
441803118,广东省清远市清新区石潭镇@,gdsqysydsqtz,511899,本省其他市
441821000,广东省清远市佛冈县@,gdsqysydsbsz,511600,本省其他市
441821100,广东省清远市佛冈县石角镇@,gdsqysydsdzz,511600,本省其他市
441821101,广东省清远市佛冈县水头镇@,gdsqysydsxnz,511600,本省其他市
441821102,广东省清远市佛冈县汤塘镇@,gdsqysydsjlz,511600,本省其他市
441821103,广东省清远市佛冈县龙山镇@,gdsqysydshgz,511600,本省其他市
441821104,广东省清远市佛冈县高岗镇@,gdsqysydsdwz,511600,本省其他市
441821107,广东省清远市佛冈县迳头镇@,gdsqysydsshpz,511600,本省其他市
441823000,广东省清远市阳山县@,gdsqysydssgtz,513100,本省其他市
441823100,广东省清远市阳山县青莲镇@,gdsqysydsxstz,513100,本省其他市
441823101,广东省清远市阳山县江英镇@,gdsqysydshhz,513100,本省其他市
441823104,广东省清远市阳山县杜步镇@,gdsqysydsblz,513100,本省其他市
441823105,广东省清远市阳山县七拱镇@,gdsqysydshstz,513100,本省其他市
441823107,广东省清远市阳山县太平镇@,gdsqysydsddz,513100,本省其他市
441823108,广东省清远市阳山县杨梅镇@,gdsqysydsljkz,513100,本省其他市
441823110,广东省清远市阳山县大崀镇@,gdsqysydslxz,513100,本省其他市
441823111,广东省清远市阳山县小江镇@,gdsqysydssbz,513100,本省其他市
441823113,广东省清远市阳山县岭背镇@,gdsqysydsyhz,513100,本省其他市
441823115,广东省清远市阳山县黄坌镇@,gdsqyslzs,513100,本省其他市
441823116,广东省清远市阳山县黎埠镇@,gdsqyslzslzz,513100,本省其他市
441823119,广东省清远市阳山县阳城镇@,gdsqyslzsxzz,513100,本省其他市
441823201,广东省清远市阳山县秤架瑶族乡@,gdsqyslzsdlbz,513100,本省其他市
441825000,广东省清远市连山壮族瑶族自治县@,gdsqyslzslpz,513200,本省其他市
441825100,广东省清远市连山壮族瑶族自治县永和镇@,gdsqyslzsxaz,513200,本省其他市
441825104,广东省清远市连山壮族瑶族自治县吉田镇@,gdsqyslzsbaz,513200,本省其他市
441825105,广东省清远市连山壮族瑶族自治县太保镇@,gdsqyslzsfyz,513200,本省其他市
441825106,广东省清远市连山壮族瑶族自治县禾洞镇@,gdsqyslzsdpz,513200,本省其他市
441825108,广东省清远市连山壮族瑶族自治县福堂镇@,gdsqyslzsjpz,513200,本省其他市
441825109,广东省清远市连山壮族瑶族自治县小三江镇@,gdsqyslzsxjz,513200,本省其他市
441825111,广东省清远市连山壮族瑶族自治县上帅镇@,gdsqyslzsyayzx,513200,本省其他市
441826000,广东省清远市连南瑶族自治县@,gdsqyslzsssyzx,513300,本省其他市
441826100,广东省清远市连南瑶族自治县三江镇@,gdsdgssxq,513300,本省其他市
441826101,广东省清远市连南瑶族自治县大麦山镇@,gdsdgssxqdcjd,513300,本省其他市
441826102,广东省清远市连南瑶族自治县寨岗镇@,gdsdgssxqncjd,513300,本省其他市
441826105,广东省清远市连南瑶族自治县三排镇@,gdsdgssxqwjjd,513300,本省其他市
441826106,广东省清远市连南瑶族自治县涡水镇@,gdsdgssxqgcjd,513300,本省其他市
441826108,广东省清远市连南瑶族自治县大坪镇@,gdsdgssxqsjz,513300,本省其他市
441826109,广东省清远市连南瑶族自治县香坪镇@,gdsdgssxqslz,513300,本省其他市
441881000,广东省清远市英德市@,gdsdgssxqcsz,513000,本省其他市
441881001,广东省清远市英德市英城街道@,gdsdgssxqspz,513000,本省其他市
441881101,广东省清远市英德市沙口镇@,gdsdgssxqqsz,513000,本省其他市
441881102,广东省清远市英德市望埠镇@,gdsdgssxqhlz,513000,本省其他市
441881103,广东省清远市英德市横石水镇@,gdsdgssxqqtz,513000,本省其他市
441881104,广东省清远市英德市东华镇@,gdsdgssxqxgz,513000,本省其他市
441881105,广东省清远市英德市桥头镇@,gdsdgssxqdkz,513000,本省其他市
441881106,广东省清远市英德市青塘镇@,gdsdgssxqcpz,513000,本省其他市
441881108,广东省清远市英德市白沙镇@,gdsdgssxqlbz,513000,本省其他市
441881109,广东省清远市英德市大站镇@,gdsdgssxqzmtz,513000,本省其他市
441881110,广东省清远市英德市西牛镇@,gdsdgssxqdlz,513000,本省其他市
441881111,广东省清远市英德市九龙镇@,gdsdgssxqhjz,513000,本省其他市
441881112,广东省清远市英德市浛洸镇@,gdsdgssxqqxz,513000,本省其他市
441881114,广东省清远市英德市大湾镇@,gdsdgssxqtsz,513000,本省其他市
441881115,广东省清远市英德市石灰铺镇@,gdsdgssxqfgz,513000,本省其他市
441881116,广东省清远市英德市石牯塘镇@,gdsdgssxqdlsz,513000,本省其他市
441881120,广东省清远市英德市下石太镇@,gdsdgssxqzaz,513000,本省其他市
441881121,广东省清远市英德市黄花镇@,gdsdgssxqhmz,513000,本省其他市
441881124,广东省清远市英德市波罗镇@,gdsdgssxqhjz,513000,本省其他市
441881125,广东省清远市英德市横石塘镇@,gdsdgssxqstz,513000,本省其他市
441881126,广东省清远市英德市大洞镇@,gdsdgssxqdjz,513000,本省其他市
441881129,广东省清远市英德市连江口镇@,gdsdgssxqhmz,513000,本省其他市
441881130,广东省清远市英德市黎溪镇@,gdsdgssxqmyz,513000,本省其他市
441881131,广东省清远市英德市水边镇@,gdsdgssxqwndz,513000,本省其他市
441881132,广东省清远市英德市英红镇@,gdsdgssxqztz,513000,本省其他市
441882000,广东省清远市连州市@,gdsdgssxqgbz,513400,本省其他市
441882100,广东省清远市连州市连州镇@,gdszsssxq,513400,本省其他市
441882101,广东省清远市连州市星子镇@,gdszsssxqsqjd,513400,本省其他市
441882102,广东省清远市连州市大路边镇@,gdszsssxqdqjd,513400,本省其他市
441882103,广东省清远市连州市龙坪镇@,gdszsssxqzsgjd,513400,本省其他市
441882104,广东省清远市连州市西岸镇@,gdszsssxqxqjd,513400,本省其他市
441882105,广东省清远市连州市保安镇@,gdszsssxqnqjd,513400,本省其他市
441882106,广东省清远市连州市丰阳镇@,gdszsssxqwgsjd,513400,本省其他市
441882107,广东省清远市连州市东陂镇@,gdszsssxqxlz,513400,本省其他市
441882109,广东省清远市连州市九陂镇@,gdszsssxqhpz,513400,本省其他市
441882118,广东省清远市连州市西江镇@,gdszsssxqmzz,513400,本省其他市
441882200,广东省清远市连州市瑶安瑶族乡@,gdszsssxqdfz,513400,本省其他市
441882201,广东省清远市连州市三水瑶族乡@,gdszsssxqdsz,513400,本省其他市
441991000,广东省东莞市@,gdszsssxqgzz,523000,本省其他市
441991003,广东省东莞市东城街道@,gdszsssxqsxz,523000,本省其他市
441991004,广东省东莞市南城街道@,gdszsssxqtzz,523000,本省其他市
441991005,广东省东莞市万江街道@,gdszsssxqgkz,523000,本省其他市
441991006,广东省东莞市莞城街道@,gdszsssxqsjz,523000,本省其他市
441991101,广东省东莞市石碣镇@,gdszsssxqhlz,523000,本省其他市
441991102,广东省东莞市石龙镇@,gdszsssxqntz,523000,本省其他市
441991103,广东省东莞市茶山镇@,gdszsssxqfsz,523000,本省其他市
441991104,广东省东莞市石排镇@,gdszsssxqnlz,523000,本省其他市
441991105,广东省东莞市企石镇@,gdszsssxqsxz,523000,本省其他市
441991106,广东省东莞市横沥镇@,gdszsssxqbfz,523000,本省其他市
441991107,广东省东莞市桥头镇@,gdszsssxqdyz,523000,本省其他市
441991108,广东省东莞市谢岗镇@,gdszsssxqswz,523000,本省其他市
441991109,广东省东莞市东坑镇@,gdsczsxqq,523000,本省其他市
441991110,广东省东莞市常平镇@,gdsczsxqqxqjd,523000,本省其他市
441991111,广东省东莞市寮步镇@,gdsczsxqqxhjd,523000,本省其他市
441991112,广东省东莞市樟木头镇@,gdsczsxqqjsjd,523000,本省其他市
441991113,广东省东莞市大朗镇@,gdsczsxqqtpjd,523000,本省其他市
441991114,广东省东莞市黄江镇@,gdsczsxqqncjd,523000,本省其他市
441991115,广东省东莞市清溪镇@,gdsczsxqqxxjd,523000,本省其他市
441991116,广东省东莞市塘厦镇@,gdsczsxqqqdjd,523000,本省其他市
441991117,广东省东莞市凤岗镇@,gdsczsxqqcxjd,523000,本省其他市
441991118,广东省东莞市大岭山镇@,gdsczsxqqfxjd,523000,本省其他市
441991119,广东省东莞市长安镇@,gdsczsxqqyxz,523000,本省其他市
441991121,广东省东莞市虎门镇@,gdsczsxqqlxz,523000,本省其他市
441991122,广东省东莞市厚街镇@,gdsczsxqqgtz,523000,本省其他市
441991123,广东省东莞市沙田镇@,gdsczsxqqtpz,523000,本省其他市
441991124,广东省东莞市道滘镇@,gdsczscaq,523000,本省其他市
441991125,广东省东莞市洪梅镇@,gdsczscaqgxz,523000,本省其他市
441991126,广东省东莞市麻涌镇@,gdsczscaqdtz,523000,本省其他市
441991127,广东省东莞市望牛墩镇@,gdsczscaqftz,523000,本省其他市
441991128,广东省东莞市中堂镇@,gdsczscaqfyz,523000,本省其他市
441991129,广东省东莞市高埗镇@,gdsczscaqlhz,523000,本省其他市
442091000,广东省中山市@,gdsczscaqjsz,528400,本省其他市
442091001,广东省中山市石岐街道@,gdsczscaqsxz,528400,本省其他市
442091002,广东省中山市东区街道@,gdsczscaqctz,528400,本省其他市
442091003,广东省中山市中山港街道@,gdsczscaqdfz,528400,本省其他市
442091004,广东省中山市西区街道@,gdsczscaqabz,528400,本省其他市
442091005,广东省中山市南区街道@,gdsczscaqjdz,528400,本省其他市
442091006,广东省中山市五桂山街道@,gdsczscaqghz,528400,本省其他市
442091100,广东省中山市小榄镇@,gdsczscaqwcz,528400,本省其他市
442091101,广东省中山市黄圃镇@,gdsczscaqfhz,528400,本省其他市
442091102,广东省中山市民众镇@,gdsczscaqcfz,528400,本省其他市
442091103,广东省中山市东凤镇@,gdsczscaqfxz,528400,本省其他市
442091104,广东省中山市东升镇@,gdsczsrpx,528400,本省其他市
442091105,广东省中山市古镇镇@,gdsczsrpxhgz,528400,本省其他市
442091106,广东省中山市沙溪镇@,gdsczsrpxsrz,528400,本省其他市
442091107,广东省中山市坦洲镇@,gdsczsrpxryz,528400,本省其他市
442091108,广东省中山市港口镇@,gdsczsrpxxfz,528400,本省其他市
442091109,广东省中山市三角镇@,gdsczsrpxjrz,528400,本省其他市
442091110,广东省中山市横栏镇@,gdsczsrpxsrz,528400,本省其他市
442091111,广东省中山市南头镇@,gdsczsrpxxtz,528400,本省其他市
442091112,广东省中山市阜沙镇@,gdsczsrpxtxz,528400,本省其他市
442091113,广东省中山市南朗镇@,gdsczsrpxfbz,528400,本省其他市
442091114,广东省中山市三乡镇@,gdsczsrpxfsz,528400,本省其他市
442091115,广东省中山市板芙镇@,gdsczsrpxdsz,528400,本省其他市
442091116,广东省中山市大涌镇@,gdsczsrpxxwz,528400,本省其他市
442091117,广东省中山市神湾镇@,gdsczsrpxzxz,528400,本省其他市
445102000,广东省潮州市湘桥区@,gdsczsrpxqdz,521021,本省其他市
445102001,广东省潮州市湘桥区湘桥街道@,gdsczsrpxgtz,521021,本省其他市
445102002,广东省潮州市湘桥区西湖街道@,gdsczsrpxlrz,521021,本省其他市
445102003,广东省潮州市湘桥区金山街道@,gdsczsrpxscz,521021,本省其他市
445102004,广东省潮州市湘桥区太平街道@,gdsczsrpxdcz,521021,本省其他市
445102005,广东省潮州市湘桥区南春街道@,gdsczsrpxzlz,521021,本省其他市
445102006,广东省潮州市湘桥区西新街道@,gdsczsrpxqzz,521021,本省其他市
445102007,广东省潮州市湘桥区桥东街道@,gdsczsrpxhsz,521021,本省其他市
445102008,广东省潮州市湘桥区城西街道@,gdsjysrcq,521021,本省其他市
445102009,广东省潮州市湘桥区凤新街道@,gdsjysrcqrhjd,521021,本省其他市
445102100,广东省潮州市湘桥区意溪镇@,gdsjysrcqxxjd,521021,本省其他市
445102101,广东省潮州市湘桥区磷溪镇@,gdsjysrcqzsjd,521021,本省其他市
445102102,广东省潮州市湘桥区官塘镇@,gdsjysrcqxmjd,521021,本省其他市
445102103,广东省潮州市湘桥区铁铺镇@,gdsjysrcqrdjd,521021,本省其他市
445103000,广东省潮州市潮安区@,gdsjysrcqdyjd,515638,本省其他市
445103100,广东省潮州市潮安区古巷镇@,gdsjysrcqdsjd,515638,本省其他市
445103101,广东省潮州市潮安区登塘镇@,gdsjysrcqdxjd,515638,本省其他市
445103102,广东省潮州市潮安区凤塘镇@,gdsjysrcqxqjd,515638,本省其他市
445103103,广东省潮州市潮安区浮洋镇@,gdsjysrcqmyjd,515638,本省其他市
445103104,广东省潮州市潮安区龙湖镇@,gdsjysrcqyhz,515638,本省其他市
445103105,广东省潮州市潮安区金石镇@,gdsjysrcqddz,515638,本省其他市
445103106,广东省潮州市潮安区沙溪镇@,gdsjysrcqptz,515638,本省其他市
445103107,广东省潮州市潮安区彩塘镇@,gdsjysrcqdgz,515638,本省其他市
445103108,广东省潮州市潮安区东凤镇@,gdsjysrcqyjz,515638,本省其他市
445103109,广东省潮州市潮安区庵埠镇@,gdsjysjdq,515638,本省其他市
445103110,广东省潮州市潮安区江东镇@,gdsjysjdqqxjd,515638,本省其他市
445103111,广东省潮州市潮安区归湖镇@,gdsjysjdqpdjd,515638,本省其他市
445103112,广东省潮州市潮安区文祠镇@,gdsjysjdqylz,515638,本省其他市
445103113,广东省潮州市潮安区凤凰镇@,gdsjysjdqlpz,515638,本省其他市
445103114,广东省潮州市潮安区赤凤镇@,gdsjysjdqycz,515638,本省其他市
445103115,广东省潮州市潮安区枫溪镇@,gdsjysjdqbtz,515638,本省其他市
445122000,广东省潮州市饶平县@,gdsjysjdqlwz,515700,本省其他市
445122100,广东省潮州市饶平县黄冈镇@,gdsjysjdqglz,515700,本省其他市
445122102,广东省潮州市饶平县上饶镇@,gdsjysjdqxcz,515700,本省其他市
445122103,广东省潮州市饶平县饶洋镇@,gdsjysjdqxhz,515700,本省其他市
445122104,广东省潮州市饶平县新丰镇@,gdsjysjdqyhz,515700,本省其他市
445122106,广东省潮州市饶平县建饶镇@,gdsjysjdqptz,515700,本省其他市
445122107,广东省潮州市饶平县三饶镇@,gdsjysjxx,515700,本省其他市
445122108,广东省潮州市饶平县新塘镇@,gdsjysjxxhpjd,515700,本省其他市
445122109,广东省潮州市饶平县汤溪镇@,gdsjysjxxltz,515700,本省其他市
445122110,广东省潮州市饶平县浮滨镇@,gdsjysjxxnsz,515700,本省其他市
445122112,广东省潮州市饶平县浮山镇@,gdsjysjxxwjfz,515700,本省其他市
445122113,广东省潮州市饶平县东山镇@,gdsjysjxxjxyz,515700,本省其他市
445122114,广东省潮州市饶平县新圩镇@,gdsjysjxxhzz,515700,本省其他市
445122116,广东省潮州市饶平县樟溪镇@,gdsjysjxxttz,515700,本省其他市
445122117,广东省潮州市饶平县钱东镇@,gdsjysjxxdyz,515700,本省其他市
445122118,广东省潮州市饶平县高堂镇@,gdsjysjxxfjz,515700,本省其他市
445122119,广东省潮州市饶平县联饶镇@,gdsjysjxxmhz,515700,本省其他市
445122120,广东省潮州市饶平县所城镇@,gdsjysjxxjhz,515700,本省其他市
445122121,广东省潮州市饶平县大埕镇@,gdsjysjxxdxz,515700,本省其他市
445122122,广东省潮州市饶平县柘林镇@,gdsjysjxxqkz,515700,本省其他市
445122123,广东省潮州市饶平县汫洲镇@,gdsjysjxxpsz,515700,本省其他市
445122124,广东省潮州市饶平县海山镇@,gdsjysjxxwyz,515700,本省其他市
445202000,广东省揭阳市榕城区@,gdsjysjxxssz,522000,本省其他市
445202001,广东省揭阳市榕城区榕华街道@,gdsjysjxxltx,522000,本省其他市
445202002,广东省揭阳市榕城区新兴街道@,gdsjyshlx,522000,本省其他市
445202003,广东省揭阳市榕城区中山街道@,gdsjyshlxhcz,522000,本省其他市
445202004,广东省揭阳市榕城区西马街道@,gdsjyshlxjhz,522000,本省其他市
445202006,广东省揭阳市榕城区榕东街道@,gdsjyshlxsqz,522000,本省其他市
445202008,广东省揭阳市榕城区东阳街道@,gdsjyshlxxaz,522000,本省其他市
445202009,广东省揭阳市榕城区东升街道@,gdsjyshlxztz,522000,本省其他市
445202010,广东省揭阳市榕城区东兴街道@,gdsjyshlxhhz,522000,本省其他市
445202011,广东省揭阳市榕城区仙桥街道@,gdsjyshlxqzz,522000,本省其他市
445202012,广东省揭阳市榕城区梅云街道@,gdsjyshlxktz,522000,本省其他市
445202101,广东省揭阳市榕城区渔湖镇@,gdsjyshlxljz,522000,本省其他市
445202102,广东省揭阳市榕城区地都镇@,gdsjyshlxxxz,522000,本省其他市
445202103,广东省揭阳市榕城区炮台镇@,gdsjyshlxajz,522000,本省其他市
445202104,广东省揭阳市榕城区登岗镇@,gdsjyshlxdgz,522000,本省其他市
445203000,广东省揭阳市揭东区@,gdsjyshlxdlz,515599,本省其他市
445203001,广东省揭阳市揭东区曲溪街道@,gdsjyshlxqsz,515599,本省其他市
445203002,广东省揭阳市揭东区磐东街道@,gdsjyspns,515599,本省其他市
445203100,广东省揭阳市揭东区云路镇@,gdsjyspnscwjd,515599,本省其他市
445203102,广东省揭阳市揭东区霖磐镇@,gdsjyspnslsbjd,515599,本省其他市
445203103,广东省揭阳市揭东区月城镇@,gdsjyspnslsxjd,515599,本省其他市
445203104,广东省揭阳市揭东区白塔镇@,gdsjyspnslsdjd,515599,本省其他市
445203105,广东省揭阳市揭东区龙尾镇@,gdsjyspnslsnjd,515599,本省其他市
445203106,广东省揭阳市揭东区桂岭镇@,gdsjyspnslyjd,515599,本省其他市
445203107,广东省揭阳市揭东区锡场镇@,gdsjyspnsdnsjd,515599,本省其他市
445203108,广东省揭阳市揭东区新亨镇@,gdsjyspnscgz,515599,本省其他市
445203109,广东省揭阳市揭东区玉湖镇@,gdsjyspnsdbz,515599,本省其他市
445203110,广东省揭阳市揭东区埔田镇@,gdsjyspnshyz,515599,本省其他市
445203112,广东省揭阳市揭东区玉滘镇@,gdsjyspnsnxz,515599,本省其他市
445222000,广东省揭阳市揭西县@,gdsjyspnsgtz,515400,本省其他市
445222001,广东省揭阳市揭西县河婆街道@,gdsjyspnsqlz,515400,本省其他市
445222102,广东省揭阳市揭西县龙潭镇@,gdsjyspnsnjz,515400,本省其他市
445222103,广东省揭阳市揭西县南山镇@,gdsjyspnszlz,515400,本省其他市
445222104,广东省揭阳市揭西县五经富镇@,gdsjyspnsjbz,515400,本省其他市
445222105,广东省揭阳市揭西县京溪园镇@,gdsjyspnsxjsz,515400,本省其他市
445222106,广东省揭阳市揭西县灰寨镇@,gdsjyspnsgpz,515400,本省其他市
445222107,广东省揭阳市揭西县塔头镇@,gdsjyspnsylz,515400,本省其他市
445222108,广东省揭阳市揭西县东园镇@,gdsjyspnsdpz,515400,本省其他市
445222109,广东省揭阳市揭西县凤江镇@,gdsjyspnscpz,515400,本省其他市
445222110,广东省揭阳市揭西县棉湖镇@,gdsjyspnsmlz,515400,本省其他市
445222111,广东省揭阳市揭西县金和镇@,gdsjyspnslhz,515400,本省其他市
445222112,广东省揭阳市揭西县大溪镇@,gdsjyspnsmtz,515400,本省其他市
445222113,广东省揭阳市揭西县钱坑镇@,gdsjyspnshxx,515400,本省其他市
445222114,广东省揭阳市揭西县坪上镇@,gdsyfsycq,515400,本省其他市
445222115,广东省揭阳市揭西县五云镇@,gdsyfsycqycjd,515400,本省其他市
445222116,广东省揭阳市揭西县上砂镇@,gdsyfsycqgfjd,515400,本省其他市
445222201,广东省揭阳市揭西县良田乡@,gdsyfsycqhkjd,515400,本省其他市
445224000,广东省揭阳市惠来县@,gdsyfsycqatjd,515200,本省其他市
445224100,广东省揭阳市惠来县惠城镇@,gdsyfsycqygz,515200,本省其他市
445224101,广东省揭阳市惠来县靖海镇@,gdsyfsycqslz,515200,本省其他市
445224102,广东省揭阳市惠来县神泉镇@,gdsyfsycqqfz,515200,本省其他市
445224103,广东省揭阳市惠来县仙庵镇@,gdsyfsycqnsz,515200,本省其他市
445224104,广东省揭阳市惠来县周田镇@,gdsyfsyaq,515200,本省其他市
445224105,广东省揭阳市惠来县华湖镇@,gdsyfsyaqldz,515200,本省其他市
445224106,广东省揭阳市惠来县前詹镇@,gdsyfsyaqgcz,515200,本省其他市
445224107,广东省揭阳市惠来县葵潭镇@,gdsyfsyaqbsz,515200,本省其他市
445224108,广东省揭阳市惠来县隆江镇@,gdsyfsyaqzaz,515200,本省其他市
445224109,广东省揭阳市惠来县溪西镇@,gdsyfsyaqflz,515200,本省其他市
445224110,广东省揭阳市惠来县鳌江镇@,gdsyfsyaqscz,515200,本省其他市
445224111,广东省揭阳市惠来县东港镇@,gdsyfsyaqdyz,515200,本省其他市
445224112,广东省揭阳市惠来县东陇镇@,gdsyfsxxx,515200,本省其他市
445224113,广东省揭阳市惠来县岐石镇@,gdsyfsxxxxcz,515200,本省其他市
445281000,广东省揭阳市普宁市@,gdsyfsxxxcgz,515300,本省其他市
445281001,广东省揭阳市普宁市池尾街道@,gdsyfsxxxstz,515300,本省其他市
445281002,广东省揭阳市普宁市流沙北街道@,gdsyfsxxxrcz,515300,本省其他市
445281003,广东省揭阳市普宁市流沙西街道@,gdsyfsxxxdcz,515300,本省其他市
445281004,广东省揭阳市普宁市流沙东街道@,gdsyfsxxxtpz,515300,本省其他市
445281005,广东省揭阳市普宁市流沙南街道@,gdsyfsxxxldz,515300,本省其他市
445281006,广东省揭阳市普宁市燎原街道@,gdsyfsxxxdjz,515300,本省其他市
445281007,广东省揭阳市普宁市大南山街道@,gdsyfsxxxttz,515300,本省其他市
445281102,广东省揭阳市普宁市赤岗镇@,gdsyfsxxxhtz,515300,本省其他市
445281103,广东省揭阳市普宁市大坝镇@,gdsyfsxxxlzz,515300,本省其他市
445281104,广东省揭阳市普宁市洪阳镇@,gdsyfsxxxlzz,515300,本省其他市
445281105,广东省揭阳市普宁市南溪镇@,gdsyfsynx,515300,本省其他市
445281106,广东省揭阳市普宁市广太镇@,gdsyfsynxdcz,515300,本省其他市
445281107,广东省揭阳市普宁市麒麟镇@,gdsyfsynxptz,515300,本省其他市
445281108,广东省揭阳市普宁市南径镇@,gdsyfsynxgwz,515300,本省其他市
445281109,广东省揭阳市普宁市占陇镇@,gdsyfsynxtmz,515300,本省其他市
445281110,广东省揭阳市普宁市军埠镇@,gdsyfsynxjcz,515300,本省其他市
445281111,广东省揭阳市普宁市下架山镇@,gdsyfsynxbzz,515300,本省其他市
445281113,广东省揭阳市普宁市高埔镇@,gdsyfsynxdfz,515300,本省其他市
445281114,广东省揭阳市普宁市云落镇@,gdsyfsynxqgz,515300,本省其他市
445281115,广东省揭阳市普宁市大坪镇@,gdsyfsynxdwz,515300,本省其他市
445281116,广东省揭阳市普宁市船埔镇@,gdsyfsynxhkz,515300,本省其他市
445281117,广东省揭阳市普宁市梅林镇@,gdsyfsynxsgz,515300,本省其他市
445281119,广东省揭阳市普宁市里湖镇@,gdsyfsynxdbz,515300,本省其他市
445281121,广东省揭阳市普宁市梅塘镇@,gdsyfsynxltz,515300,本省其他市
445281201,广东省揭阳市普宁市鲘溪乡@,gdsyfsynxldz,515300,本省其他市
445302000,广东省云浮市云城区@,gdsyfsynxnjkz,527300,本省其他市
445302001,广东省云浮市云城区云城街道@,gdsyfslds,527300,本省其他市
445302002,广东省云浮市云城区高峰街道@,gdsyfsldslcjd,527300,本省其他市
445302003,广东省云浮市云城区河口街道@,gdsyfsldssljd,527300,本省其他市
445302004,广东省云浮市云城区安塘街道@,gdsyfsldsfcjd,527300,本省其他市
445302102,广东省云浮市云城区腰古镇@,gdsyfsldssdjd,527300,本省其他市
445302103,广东省云浮市云城区思劳镇@,gdsyfsldsljz,527300,本省其他市
445302105,广东省云浮市云城区前锋镇@,gdsyfsldstpz,527300,本省其他市
445302106,广东省云浮市云城区南盛镇@,gdsyfsldsfjz,527300,本省其他市
445303000,广东省云浮市云安区@,gdsyfsldslpz,527500,本省其他市
445303100,广东省云浮市云安区六都镇@,gdsyfsldscbz,527500,本省其他市
445303101,广东省云浮市云安区高村镇@,gdsyfsldstz,527500,本省其他市
445303102,广东省云浮市云安区白石镇@,gdsyfsldsptz,527500,本省其他市
445303103,广东省云浮市云安区镇安镇@,gdsyfsldsjjz,527500,本省其他市
445303104,广东省云浮市云安区富林镇@,gdsyfsldswdz,527500,本省其他市
445303107,广东省云浮市云安区石城镇@,gdsyfsldshsz,527500,本省其他市
445303108,广东省云浮市云安区都杨镇@,gdsyfsldstbz,527500,本省其他市
445321000,广东省云浮市新兴县@,gdsyfsldslsz,527400,本省其他市
445321100,广东省云浮市新兴县新城镇@,gdsyfsldssjz,527400,本省其他市
445321101,广东省云浮市新兴县车岗镇@,gdsyfsldslzz,527400,本省其他市
445321103,广东省云浮市新兴县水台镇@,gdsyfsldsslz,527400,本省其他市
445321104,广东省云浮市新兴县稔村镇@,gdsyfsldsjyz,527400,本省其他市
445321105,广东省云浮市新兴县东成镇@,gdsyfsldslwz,527400,本省其他市
445321107,广东省云浮市新兴县太平镇@,gxzzzzqnnsxnq,527400,本省其他市
445321108,广东省云浮市新兴县里洞镇@,gxzzzzqnnsxnqmsjd,527400,本省其他市
445321110,广东省云浮市新兴县大江镇@,gxzzzzqnnsxnqcyjd,527400,本省其他市
445321112,广东省云浮市新兴县天堂镇@,gxzzzzqnnsxnqxdjd,527400,本省其他市
445321113,广东省云浮市新兴县河头镇@,gxzzzzqnnsxnqstz,527400,本省其他市
445321114,广东省云浮市新兴县簕竹镇@,gxzzzzqnnsxnqwtz,527400,本省其他市
445321115,广东省云浮市新兴县六祖镇@,gxzzzzqnnsxnqklz,527400,本省其他市
445322000,广东省云浮市郁南县@,gxzzzzqnnsqxq,527100,本省其他市
445322100,广东省云浮市郁南县都城镇@,gxzzzzqnnsqxqxzjd,527100,本省其他市
445322101,广东省云浮市郁南县平台镇@,gxzzzzqnnsqxqzsjd,527100,本省其他市
445322102,广东省云浮市郁南县桂圩镇@,gxzzzzqnnsqxqjzjd,527100,本省其他市
445322104,广东省云浮市郁南县通门镇@,gxzzzzqnnsqxqnhjd,527100,本省其他市
445322105,广东省云浮市郁南县建城镇@,gxzzzzqnnsqxqjtjd,527100,本省其他市
445322106,广东省云浮市郁南县宝珠镇@,gxzzzzqnnsqxqlwz,527100,本省其他市
445322108,广东省云浮市郁南县大方镇@,gxzzzzqnnsqxqnyz,527100,本省其他市
445322110,广东省云浮市郁南县千官镇@,gxzzzzqnnsqxqllz,527100,本省其他市
445322111,广东省云浮市郁南县大湾镇@,gxzzzzqnnsqxqztz,527100,本省其他市
445322112,广东省云浮市郁南县河口镇@,gxzzzzqnnsjnq,527100,本省其他市
445322113,广东省云浮市郁南县宋桂镇@,gxzzzzqnnsjnqfjyjd,527100,本省其他市
445322114,广东省云浮市郁南县东坝镇@,gxzzzzqnnsjnqjnjd,527100,本省其他市
445322115,广东省云浮市郁南县连滩镇@,gxzzzzqnnsjnqsjjd,527100,本省其他市
445322116,广东省云浮市郁南县历洞镇@,gxzzzzqnnsjnqswz,527100,本省其他市
445322117,广东省云浮市郁南县南江口镇@,gxzzzzqnnsjnqyaz,527100,本省其他市
445381000,广东省云浮市罗定市@,gxzzzzqnnsjnqjxz,527200,本省其他市
445381001,广东省云浮市罗定市罗城街道@,gxzzzzqnnsxxtq,527200,本省其他市
445381002,广东省云浮市罗定市素龙街道@,gxzzzzqnnsxxtqhyjd,527200,本省其他市
445381003,广东省云浮市罗定市附城街道@,gxzzzzqnnsxxtqbhjd,527200,本省其他市
445381004,广东省云浮市罗定市双东街道@,gxzzzzqnnsxxtqxxtjd,527200,本省其他市
445381100,广东省云浮市罗定市罗镜镇@,gxzzzzqnnsxxtqajjd,527200,本省其他市
445381101,广东省云浮市罗定市太平镇@,gxzzzzqnnsxxtqhqjd,527200,本省其他市
445381102,广东省云浮市罗定市分界镇@,gxzzzzqnnsxxtqxyjd,527200,本省其他市
445381104,广东省云浮市罗定市罗平镇@,gxzzzzqnnsxxtqsyjd,527200,本省其他市
445381105,广东省云浮市罗定市船步镇@,gxzzzzqnnsxxtqanjd,527200,本省其他市
445381106,广东省云浮市罗定市塘镇@,gxzzzzqnnsxxtqsbjd,527200,本省其他市
445381107,广东省云浮市罗定市苹塘镇@,gxzzzzqnnsxxtqxwjd,527200,本省其他市
445381108,广东省云浮市罗定市金鸡镇@,gxzzzzqnnsxxtqjlz,527200,本省其他市
445381109,广东省云浮市罗定市围底镇@,gxzzzzqnnsxxtqsdz,527200,本省其他市
445381110,广东省云浮市罗定市华石镇@,gxzzzzqnnsxxtqtlz,527200,本省其他市
445381111,广东省云浮市罗定市榃滨镇@,gxzzzzqnnslqq,527200,本省其他市
445381113,广东省云浮市罗定市黎少镇@,gxzzzzqnnslqqdstjd,527200,本省其他市
445381114,广东省云浮市罗定市生江镇@,gxzzzzqnnslqqydjd,527200,本省其他市
445381115,广东省云浮市罗定市连州镇@,gxzzzzqnnslqqlqz,527200,本省其他市
445381116,广东省云浮市罗定市泗纶镇@,gxzzzzqnnslqqnmz,527200,本省其他市
445381118,广东省云浮市罗定市加益镇@,gxzzzzqnnslqqncz,527200,本省其他市
445381119,广东省云浮市罗定市龙湾镇@,gxzzzzqnnslqqdtz,527200,本省其他市